"		지점번호",지점명,일시,평균기온(℃),최고기온(℃),"	최고기온시각",최저기온(℃),최저기온시각일교차,
"		232",천안,2021-01-01,-6.6,-2.1,15:34,-13.9,7:06,11.8
"		232",천안,2021-01-02,-6.2,-0.6,15:07,-12.3,8:03,11.7
"		232",천안,2021-01-03,-5.8,-0.2,14:46,-12.3,7:44,12.1
"		232",천안,2021-01-04,-4.5,1.2,15:52,-12.2,7:22,13.4
"		232",천안,2021-01-05,-4.2,-1.2,0:21,-10.4,23:55,9.2
"		232",천안,2021-01-06,-7,-2.1,14:49,-14,7:40,11.9
"		232",천안,2021-01-07,-13.1,-3.7,0:01,-18,22:29,14.3
"		232",천안,2021-01-08,-14.1,-10.1,15:07,-19.3,8:09,9.2
"		232",천안,2021-01-09,-13.4,-7.8,15:27,-20.5,7:37,12.7
"		232",천안,2021-01-10,-10.1,-3.1,14:52,-18,7:17,14.9
"		232",천안,2021-01-11,-8.1,-2.9,15:12,-13.7,5:46,10.8
"		232",천안,2021-01-12,-3.9,2.4,15:20,-11,8:01,13.4
"		232",천안,2021-01-13,2.1,9.1,14:37,-6.1,7:55,15.2
"		232",천안,2021-01-14,1.1,9.4,15:30,-5.3,7:32,14.7
"		232",천안,2021-01-15,3.6,12.2,14:46,-2.8,1:12,15
"		232",천안,2021-01-16,-2.7,1.9,0:01,-5.5,23:46,7.4
"		232",천안,2021-01-17,-4.7,0.1,15:35,-11,7:58,11.1
"		232",천안,2021-01-18,-3.1,4.4,13:14,-7.7,5:21,12.1
"		232",천안,2021-01-19,-7.2,-0.5,15:11,-13.9,7:45,13.4
"		232",천안,2021-01-20,-3.1,6.9,16:17,-11.7,6:44,18.6
"		232",천안,2021-01-21,3.8,9.1,13:48,-3,0:01,12.1
"		232",천안,2021-01-22,6,8.8,14:13,3.8,3:57,5
"		232",천안,2021-01-23,8.3,12.2,13:26,2.6,4:33,9.6
"		232",천안,2021-01-24,5.9,12.5,15:11,-0.4,7:37,12.9
"		232",천안,2021-01-25,4.9,13,15:26,-0.6,7:16,13.6
"		232",천안,2021-01-26,4.2,7.3,15:06,1.4,1:13,5.9
"		232",천안,2021-01-27,1.9,7.1,14:25,-2,23:34,9.1
"		232",천안,2021-01-28,-3,2.7,10:50,-7.3,23:58,10
"		232",천안,2021-01-29,-7.7,-3.6,14:38,-11,23:43,7.4
"		232",천안,2021-01-30,-1.3,7.6,14:27,-11.7,1:38,19.3
"		232",천안,2021-01-31,1.3,10.9,15:12,-6.9,6:51,17.8
"		232",천안,2021-02-01,5.5,11.5,14:50,0.9,0:26,10.6
"		232",천안,2021-02-02,-4,1,0:01,-6,7:44,7
"		232",천안,2021-02-03,-3.4,3,15:42,-11.7,7:36,14.7
"		232",천안,2021-02-04,-2.3,1.5,2:34,-7,24:00:00,8.5
"		232",천안,2021-02-05,-1.2,7.6,15:44,-8.4,7:00,16
"		232",천안,2021-02-06,4,11.7,14:38,-4.4,3:49,16.1
"		232",천안,2021-02-07,4,8.7,13:02,-1.5,23:51,10.2
"		232",천안,2021-02-08,-2.1,0.8,14:10,-3.9,7:29,4.7
"		232",천안,2021-02-09,-1.6,5.1,16:13,-8.4,6:39,13.5
"		232",천안,2021-02-10,0.2,8.3,14:27,-6.7,5:34,15
"		232",천안,2021-02-11,3.9,11.2,15:31,-1.3,1:09,12.5
"		232",천안,2021-02-12,4.9,15.3,15:30,-2.3,6:43,17.6
"		232",천안,2021-02-13,5.4,16,15:58,-3.5,7:02,19.5
"		232",천안,2021-02-14,7.8,14.1,15:34,1.4,1:57,12.7
"		232",천안,2021-02-15,1.8,7.1,3:12,-3.5,23:46,10.6
"		232",천안,2021-02-16,-4.3,-0.2,12:05,-9,7:33,8.8
"		232",천안,2021-02-17,-7.1,-4.9,0:01,-8.7,7:44,3.8
"		232",천안,2021-02-18,-5.2,-0.8,15:25,-9.3,5:03,8.5
"		232",천안,2021-02-19,1.1,9.4,15:53,-9.8,7:03,19.2
"		232",천안,2021-02-20,7.5,16.2,15:52,-0.7,7:35,16.9
"		232",천안,2021-02-21,11.4,22.2,13:41,1.2,7:04,21
"		232",천안,2021-02-22,6.3,15.1,12:56,0.8,23:59,14.3
"		232",천안,2021-02-23,0.4,4.7,14:54,-3.6,23:54,8.3
"		232",천안,2021-02-24,2.5,10.6,16:12,-3.7,0:20,14.3
"		232",천안,2021-02-25,3.1,8.5,14:34,-2.9,2:54,11.4
"		232",천안,2021-02-26,6.8,14.9,15:45,-2.4,7:06,17.3
"		232",천안,2021-02-27,7,11.7,15:37,0,6:17,11.7
"		232",천안,2021-02-28,6.6,12.8,15:47,-2.1,7:01,14.9
"		232",천안,2021-03-01,7,11,12:06,1.4,23:07,9.6
"		232",천안,2021-03-02,2.3,6.7,16:23,-1.6,23:50,8.3
"		232",천안,2021-03-03,2.7,9.3,14:35,-3.5,5:58,12.8
"		232",천안,2021-03-04,4.4,10.3,15:08,-0.7,3:01,11
"		232",천안,2021-03-05,6.6,16.3,14:42,-2.2,6:51,18.5
"		232",천안,2021-03-06,6.5,12.4,12:43,3.2,7:34,9.2
"		232",천안,2021-03-07,6.1,10.8,16:22,2.9,0:25,7.9
"		232",천안,2021-03-08,5.4,13.6,15:07,-1.8,7:00,15.4
"		232",천안,2021-03-09,5,12.3,13:05,-1.3,6:25,13.6
"		232",천안,2021-03-10,6.6,16.6,15:47,-2.2,7:00,18.8
"		232",천안,2021-03-11,8.3,17.2,15:31,-0.8,6:47,18
"		232",천안,2021-03-12,7.8,9.5,16:26,5.5,23:41,4
"		232",천안,2021-03-13,7.2,14.8,14:25,0.4,7:00,14.4
"		232",천안,2021-03-14,7.7,14.2,15:15,1,6:56,13.2
"		232",천안,2021-03-15,10.2,18.2,14:43,0.9,6:19,17.3
"		232",천안,2021-03-16,8.4,13.2,14:50,1.5,23:48,11.7
"		232",천안,2021-03-17,7.4,18,15:58,-2.1,6:16,20.1
"		232",천안,2021-03-18,9.9,19.1,15:40,0.6,6:16,18.5
"		232",천안,2021-03-19,13.4,18.1,14:57,9.7,1:12,8.4
"		232",천안,2021-03-20,8.3,12,0:01,6.2,23:58,5.8
"		232",천안,2021-03-21,5.7,9.4,13:51,3.6,23:58,5.8
"		232",천안,2021-03-22,5.9,12.4,15:33,-0.8,6:34,13.2
"		232",천안,2021-03-23,7.6,17.6,14:10,-1.8,5:46,19.4
"		232",천안,2021-03-24,8.8,17.7,15:23,-0.6,6:44,18.3
"		232",천안,2021-03-25,11.2,19.9,15:54,3.4,3:26,16.5
"		232",천안,2021-03-26,11.3,22.2,15:24,2.3,6:28,19.9
"		232",천안,2021-03-27,11.2,15.5,12:25,4.7,5:06,10.8
"		232",천안,2021-03-28,10.4,14.5,1:51,9,10:03,5.5
"		232",천안,2021-03-29,11.1,16.8,15:42,7.4,23:57,9.4
"		232",천안,2021-03-30,10.1,18.7,15:27,1.6,5:59,17.1
"		232",천안,2021-03-31,12.2,23.2,15:20,0.2,6:12,23
"		232",천안,2021-04-01,14.4,20.8,14:47,6,5:51,14.8
"		232",천안,2021-04-02,17,21.4,13:54,12.4,6:18,9
"		232",천안,2021-04-03,15.6,17.6,0:01,13.3,23:59,4.3
"		232",천안,2021-04-04,11,13.4,15:29,7,23:54,6.4
"		232",천안,2021-04-05,10.1,17.5,15:57,1.9,6:32,15.6
"		232",천안,2021-04-06,11.6,19.3,14:10,4.1,4:15,15.2
"		232",천안,2021-04-07,12.3,21.2,13:37,3.4,5:41,17.8
"		232",천안,2021-04-08,11.4,18,14:17,2.9,6:43,15.1
"		232",천안,2021-04-09,11.1,19,16:07,1.6,6:04,17.4
"		232",천안,2021-04-10,10.7,18.2,15:01,3.1,6:02,15.1
"		232",천안,2021-04-11,13,21.7,14:53,2.9,6:15,18.8
"		232",천안,2021-04-12,12.6,16.2,11:16,9.9,5:30,6.3
"		232",천안,2021-04-13,10.3,15.3,11:32,5,23:54,10.3
"		232",천안,2021-04-14,8,14.7,13:54,1.2,6:10,13.5
"		232",천안,2021-04-15,9.3,18.1,16:25,0,4:48,18.1
"		232",천안,2021-04-16,10,14.9,16:20,5,1:44,9.9
"		232",천안,2021-04-17,8.5,15.3,14:15,1.1,5:51,14.2
"		232",천안,2021-04-18,9.8,15,14:46,4.9,23:58,10.1
"		232",천안,2021-04-19,11.2,20.6,14:32,0.2,5:53,20.4
"		232",천안,2021-04-20,13.4,23.4,15:02,2.9,5:47,20.5
"		232",천안,2021-04-21,18.1,28.7,15:49,5.7,6:08,23
"		232",천안,2021-04-22,20.5,28.7,15:19,14.5,6:15,14.2
"		232",천안,2021-04-23,18.3,21.9,14:24,14.9,4:27,7
"		232",천안,2021-04-24,16.8,23,14:41,10.6,23:51,12.4
"		232",천안,2021-04-25,16.2,23.7,16:38,7.6,5:26,16.1
"		232",천안,2021-04-26,15.1,22,16:27,5.9,5:46,16.1
"		232",천안,2021-04-27,14.8,19.9,15:27,8.9,5:35,11
"		232",천안,2021-04-28,14.5,20.4,15:52,10.3,5:57,10.1
"		232",천안,2021-04-29,14,19.9,15:34,9,5:51,10.9
"		232",천안,2021-04-30,11.4,16.1,13:56,8.9,5:38,7.2
"		232",천안,2021-05-01,10.1,12.9,13:12,8.5,0:34,4.4
"		232",천안,2021-05-02,11.5,18,15:22,6.6,23:57,11.4
"		232",천안,2021-05-03,12.6,21.9,16:04,3.3,5:31,18.6
"		232",천안,2021-05-04,15.3,20.8,15:42,9.3,1:55,11.5
"		232",천안,2021-05-05,13.5,19,13:42,5.8,23:47,13.2
"		232",천안,2021-05-06,13.3,22.8,15:29,3,5:30,19.8
"		232",천안,2021-05-07,12.8,18.7,8:49,7.4,3:59,11.3
"		232",천안,2021-05-08,14.2,22.6,15:00,4.9,5:12,17.7
"		232",천안,2021-05-09,14.6,21.7,15:32,6.4,5:39,15.3
"		232",천안,2021-05-10,11,13,18:31,7.4,2:45,5.6
"		232",천안,2021-05-11,16.6,22.1,15:52,11.9,5:05,10.2
"		232",천안,2021-05-12,18.2,25.7,16:09,9.9,5:45,15.8
"		232",천안,2021-05-13,20,28.4,15:36,11.1,5:07,17.3
"		232",천안,2021-05-14,21.9,29.7,14:57,13.1,5:13,16.6
"		232",천안,2021-05-15,21.2,25,14:42,18.2,5:12,6.8
"		232",천안,2021-05-16,20.6,22.3,11:58,16.4,23:59,5.9
"		232",천안,2021-05-17,15.8,16.6,10:21,14.5,22:33,2.1
"		232",천안,2021-05-18,17.3,23.6,16:45,13.2,23:59,10.4
"		232",천안,2021-05-19,18.4,26.6,14:33,10.3,5:27,16.3
"		232",천안,2021-05-20,16.2,20.5,11:43,14.5,4:59,6
"		232",천안,2021-05-21,14.3,15.7,0:03,12.6,23:49,3.1
"		232",천안,2021-05-22,16.6,23.6,15:32,11.6,2:29,12
"		232",천안,2021-05-23,18.2,25,12:51,10.4,4:57,14.6
"		232",천안,2021-05-24,17.6,23.8,15:00,11.9,23:57,11.9
"		232",천안,2021-05-25,14.3,20.3,14:30,9.5,23:57,10.8
"		232",천안,2021-05-26,15.2,23,13:57,8.2,3:09,14.8
"		232",천안,2021-05-27,15,19.2,14:33,10.3,23:58,8.9
"		232",천안,2021-05-28,13.6,17.7,18:22,9.4,2:31,8.3
"		232",천안,2021-05-29,16.2,23.5,13:18,9.9,5:35,13.6
"		232",천안,2021-05-30,18.3,26.6,16:29,9.1,4:37,17.5
"		232",천안,2021-05-31,18.9,23.9,15:28,15.6,23:58,8.3
"		232",천안,2021-06-01,20.3,26.4,16:14,14.9,4:06,11.5
"		232",천안,2021-06-02,22.4,29.2,14:52,14.1,5:43,15.1
"		232",천안,2021-06-03,17.6,20.5,9:27,14.2,23:52,6.3
"		232",천안,2021-06-04,18,24.7,14:03,11.9,5:24,12.8
"		232",천안,2021-06-05,19.4,26.1,13:31,13,2:57,13.1
"		232",천안,2021-06-06,20.5,26.6,16:48,14.7,5:34,11.9
"		232",천안,2021-06-07,20.2,26.6,16:37,13.6,5:21,13
"		232",천안,2021-06-08,22.8,29.1,15:16,16.1,5:19,13
"		232",천안,2021-06-09,24.2,32,16:41,17.1,3:25,14.9
"		232",천안,2021-06-10,23.6,28.9,15:12,18.8,3:41,10.1
"		232",천안,2021-06-11,22,27.6,14:56,18.5,23:42,9.1
"		232",천안,2021-06-12,23,30.4,16:34,17.1,5:38,13.3
"		232",천안,2021-06-13,23.4,29.8,15:18,19.4,3:05,10.4
"		232",천안,2021-06-14,23.1,29,15:06,17.5,4:28,11.5
"		232",천안,2021-06-15,22.4,24.8,17:29,20.3,2:21,4.5
"		232",천안,2021-06-16,23.3,27.1,16:51,20,24:00:00,7.1
"		232",천안,2021-06-17,21.1,23.4,11:58,19,4:44,4.4
"		232",천안,2021-06-18,20.4,22.9,15:40,18.8,23:06,4.1
"		232",천안,2021-06-19,21.8,28.1,15:24,17,6:03,11.1
"		232",천안,2021-06-20,22.6,29.6,15:26,15.7,5:32,13.9
"		232",천안,2021-06-21,22.7,29,15:15,17.4,23:47,11.6
"		232",천안,2021-06-22,20.8,27.4,14:01,15.7,2:37,11.7
"		232",천안,2021-06-23,19.4,22.5,11:39,16.8,23:51,5.7
"		232",천안,2021-06-24,21.7,27.1,14:49,16.5,5:17,10.6
"		232",천안,2021-06-25,23.1,29.3,15:07,17.1,4:17,12.2
"		232",천안,2021-06-26,21.1,26,16:22,18.5,23:47,7.5
"		232",천안,2021-06-27,23.4,28.6,16:23,17.1,4:36,11.5
"		232",천안,2021-06-28,22.7,28,13:59,19.1,23:56,8.9
"		232",천안,2021-06-29,22.9,28.2,16:05,17.4,5:20,10.8
"		232",천안,2021-06-30,23.4,28.8,16:23,19.4,4:25,9.4
"		232",천안,2021-07-01,25.1,31.2,16:27,18.9,4:54,12.3
"		232",천안,2021-07-02,25.2,30.2,15:53,19.9,5:22,10.3
"		232",천안,2021-07-03,22.5,25.7,11:51,20.5,19:19,5.2
"		232",천안,2021-07-04,22.5,24,14:26,20.7,0:01,3.3
"		232",천안,2021-07-05,22.5,26.2,14:50,19.7,4:02,6.5
"		232",천안,2021-07-06,23.4,27,13:49,20,5:17,7
"		232",천안,2021-07-07,24.7,27.2,14:09,21.9,6:31,5.3
"		232",천안,2021-07-08,25.1,30,16:42,22.1,23:38,7.9
"		232",천안,2021-07-09,24.5,29.5,14:49,21.1,23:38,8.4
"		232",천안,2021-07-10,25.1,29.5,12:54,21.4,0:01,8.1
"		232",천안,2021-07-11,25.1,29.3,16:22,22.5,23:50,6.8
"		232",천안,2021-07-12,26.2,32.3,15:56,21.2,2:48,11.1
"		232",천안,2021-07-13,27.4,32,14:55,22.7,5:34,9.3
"		232",천안,2021-07-14,27.5,31.7,12:02,22.9,5:08,8.8
"		232",천안,2021-07-15,27.2,33.3,13:12,22.6,23:57,10.7
"		232",천안,2021-07-16,25.9,32.7,14:44,21.1,5:18,11.6
"		232",천안,2021-07-17,25.5,30.1,17:23,20.5,3:44,9.6
"		232",천안,2021-07-18,26.7,31.8,13:46,21.5,5:36,10.3
"		232",천안,2021-07-19,26.2,31.7,13:52,22.4,4:00,9.3
"		232",천안,2021-07-20,26.5,30.5,16:39,22.7,4:13,7.8
"		232",천안,2021-07-21,27.7,33.8,15:24,21.6,5:42,12.2
"		232",천안,2021-07-22,27.1,33.6,14:31,21,5:33,12.6
"		232",천안,2021-07-23,27.7,34.1,15:11,21.7,5:47,12.4
"		232",천안,2021-07-24,28,33.7,15:21,22.9,5:19,10.8
"		232",천안,2021-07-25,27.8,33.2,13:00,22.8,4:41,10.4
"		232",천안,2021-07-26,28.1,33.4,16:06,24,23:46,9.4
"		232",천안,2021-07-27,28.1,34.2,15:20,21.6,5:44,12.6
"		232",천안,2021-07-28,28.6,34.2,16:00,23.6,5:53,10.6
"		232",천안,2021-07-29,27.7,33.4,13:51,22.7,5:52,10.7
"		232",천안,2021-07-30,28.9,34.6,15:13,23.8,6:04,10.8
"		232",천안,2021-07-31,28.4,33.9,15:06,24.8,23:53,9.1
"		232",천안,2021-08-01,25.8,30.7,13:48,23,3:51,7.7
"		232",천안,2021-08-02,25.2,27.8,14:38,23.3,3:47,4.5
"		232",천안,2021-08-03,26.5,30.5,13:32,23.7,5:41,6.8
"		232",천안,2021-08-04,27.5,32.4,13:55,23.2,5:49,9.2
"		232",천안,2021-08-05,28,33.6,14:20,23.2,5:58,10.4
"		232",천안,2021-08-06,27.4,33.8,15:01,23.2,22:57,10.6
"		232",천안,2021-08-07,26.3,32.2,14:19,21.4,5:40,10.8
"		232",천안,2021-08-08,25.2,29.6,13:24,21.8,2:01,7.8
"		232",천안,2021-08-09,26.7,32.3,15:51,20.9,6:29,11.4
"		232",천안,2021-08-10,24.7,29.3,13:04,21.4,6:01,7.9
"		232",천안,2021-08-11,25.7,31.5,15:23,20.8,5:31,10.7
"		232",천안,2021-08-12,25.2,30.5,13:59,20.7,22:00,9.8
"		232",천안,2021-08-13,24.3,28,15:21,20.6,4:22,7.4
"		232",천안,2021-08-14,24.6,28.3,15:44,22.3,4:54,6
"		232",천안,2021-08-15,25.1,30.6,14:55,19.4,5:58,11.2
"		232",천안,2021-08-16,24.6,28.9,13:28,19.7,5:30,9.2
"		232",천안,2021-08-17,23.6,28.6,15:45,19.7,5:05,8.9
"		232",천안,2021-08-18,22.8,29.2,17:28,19.3,2:33,9.9
"		232",천안,2021-08-19,23.1,29,16:02,18.5,3:05,10.5
"		232",천안,2021-08-20,24.3,30.2,14:08,19.3,5:45,10.9
"		232",천안,2021-08-21,23.1,27.8,15:51,21.2,1:32,6.6
"		232",천안,2021-08-22,23.6,27.2,15:37,20.3,6:13,6.9
"		232",천안,2021-08-23,21.4,23.8,11:13,20.3,17:54,3.5
"		232",천안,2021-08-24,24,28.1,16:15,21,0:13,7.1
"		232",천안,2021-08-25,22.6,23.9,11:46,21.8,12:36,2.1
"		232",천안,2021-08-26,24.1,28,14:09,21.3,7:00,6.7
"		232",천안,2021-08-27,21,24.5,8:18,18.2,23:53,6.3
"		232",천안,2021-08-28,21.6,25.5,17:02,18,2:59,7.5
"		232",천안,2021-08-29,21.4,26.9,15:50,17.8,6:00,9.1
"		232",천안,2021-08-30,21.5,25,15:52,18.8,4:54,6.2
"		232",천안,2021-08-31,21.4,24,14:02,19.5,20:15,4.5
"		232",천안,2021-09-01,22,23.7,14:33,21,0:01,2.7
"		232",천안,2021-09-02,22.5,25.2,11:50,19.9,23:00,5.3
"		232",천안,2021-09-03,22.5,28,16:24,18.3,3:22,9.7
"		232",천안,2021-09-04,21.4,26.8,14:00,16.6,6:09,10.2
"		232",천안,2021-09-05,20.6,24.8,15:53,16.3,6:01,8.5
"		232",천안,2021-09-06,20.2,24.7,12:06,17,3:09,7.7
"		232",천안,2021-09-07,20.3,22.8,18:00,18.2,0:01,4.6
"		232",천안,2021-09-08,21,26.4,14:32,16.8,23:41,9.6
"		232",천안,2021-09-09,20.2,27.6,14:46,15.3,3:26,12.3
"		232",천안,2021-09-10,21.7,27.6,13:47,17.3,6:14,10.3
"		232",천안,2021-09-11,22.4,28.8,15:16,18.2,2:30,10.6
"		232",천안,2021-09-12,22.1,28.9,14:23,17.6,3:01,11.3
"		232",천안,2021-09-13,22.7,28.9,14:40,18.3,23:44,10.6
"		232",천안,2021-09-14,21.5,25.9,14:17,17.6,2:45,8.3
"		232",천안,2021-09-15,21.4,28.1,15:28,15.4,5:57,12.7
"		232",천안,2021-09-16,21.2,26.1,13:49,14.9,2:49,11.2
"		232",천안,2021-09-17,19.1,21.5,0:01,15.5,23:18,6
"		232",천안,2021-09-18,19.9,27.2,15:27,13.2,6:07,14
"		232",천안,2021-09-19,21.1,27.8,15:10,16.1,5:51,11.7
"		232",천안,2021-09-20,21.8,26.2,12:55,15.5,6:30,10.7
"		232",천안,2021-09-21,21.9,25.8,15:02,19.5,21:19,6.3
"		232",천안,2021-09-22,20.3,26,14:40,17.2,6:03,8.8
"		232",천안,2021-09-23,19,25,13:14,13.7,5:44,11.3
"		232",천안,2021-09-24,19.3,26,15:22,12.9,6:31,13.1
"		232",천안,2021-09-25,19.7,23.4,12:53,15.5,2:38,7.9
"		232",천안,2021-09-26,20.5,25.1,15:17,16.5,3:41,8.6
"		232",천안,2021-09-27,20.5,25.6,13:30,17.1,5:51,8.5
"		232",천안,2021-09-28,20.6,24.1,14:12,18.2,6:45,5.9
"		232",천안,2021-09-29,20.2,22.5,14:36,18.5,24:00:00,4
"		232",천안,2021-09-30,20.2,27.1,14:15,16.1,5:33,11
"		232",천안,2021-10-01,19.9,27.1,15:19,15.1,4:22,12
"		232",천안,2021-10-02,19,26.1,15:19,14.1,2:38,12
"		232",천안,2021-10-03,19.9,28.7,13:54,14.8,3:48,13.9
"		232",천안,2021-10-04,21,27.7,14:39,14.8,3:03,12.9
"		232",천안,2021-10-05,22,28.1,14:31,16.8,6:24,11.3
"		232",천안,2021-10-06,20.5,24.4,14:51,17.3,23:56,7.1
"		232",천안,2021-10-07,19.1,21.2,10:00,17.1,0:09,4.1
"		232",천안,2021-10-08,19.4,21.5,14:05,17.7,0:59,3.8
"		232",천안,2021-10-09,21.3,26.7,16:00,18.6,23:42,8.1
"		232",천안,2021-10-10,20.8,27,16:03,15.8,23:00,11.2
"		232",천안,2021-10-11,16,18.4,13:52,13.2,5:30,5.2
"		232",천안,2021-10-12,16.3,17,0:44,15.6,16:45,1.4
"		232",천안,2021-10-13,18,23.5,13:38,14.1,5:48,9.4
"		232",천안,2021-10-14,18,24.3,15:22,13.1,7:00,11.2
"		232",천안,2021-10-15,17.5,20.6,13:24,15.1,0:01,5.5
"		232",천안,2021-10-16,11.4,17,0:08,5.2,23:54,11.8
"		232",천안,2021-10-17,4.7,10.6,14:35,0.3,5:22,10.3
"		232",천안,2021-10-18,7.7,16.5,14:48,-1.2,6:27,17.7
"		232",천안,2021-10-19,9.8,16,14:03,4.4,23:35,11.6
"		232",천안,2021-10-20,7.5,15.4,15:01,1.2,6:33,14.2
"		232",천안,2021-10-21,7.7,15.6,14:55,1,6:59,14.6
"		232",천안,2021-10-22,8.1,16.5,15:05,1.2,6:45,15.3
"		232",천안,2021-10-23,8.7,18.2,15:04,1.6,7:10,16.6
"		232",천안,2021-10-24,8.9,17.8,14:56,1.8,6:50,16
"		232",천안,2021-10-25,9,17.6,13:57,2.5,6:18,15.1
"		232",천안,2021-10-26,9.8,18.5,14:03,2.7,6:31,15.8
"		232",천안,2021-10-27,10.5,18.3,13:09,4.5,23:59,13.8
"		232",천안,2021-10-28,9.2,19,15:44,1.8,7:01,17.2
"		232",천안,2021-10-29,10.9,19.3,13:56,4.2,7:11,15.1
"		232",천안,2021-10-30,10.5,17.4,15:46,6.3,3:30,11.1
"		232",천안,2021-10-31,10.7,19.7,14:15,4.2,4:46,15.5
"		232",천안,2021-11-01,10.8,17.9,13:24,6.9,3:39,11
"		232",천안,2021-11-02,10.5,16.9,14:15,6.2,7:00,10.7
"		232",천안,2021-11-03,9.5,17.1,14:23,2.8,6:55,14.3
"		232",천안,2021-11-04,11.3,18.3,14:17,6.2,6:29,12.1
"		232",천안,2021-11-05,10.1,19.5,14:54,4.9,7:24,14.6
"		232",천안,2021-11-06,11.4,20.2,14:51,4.3,6:24,15.9
"		232",천안,2021-11-07,13.5,21.1,13:11,4.6,6:58,16.5
"		232",천안,2021-11-08,9.8,16,5:47,5.9,23:02,10.1
"		232",천안,2021-11-09,6.6,10.7,13:36,4.6,5:34,6.1
"		232",천안,2021-11-10,4.1,6.2,23:56,0.2,6:54,6
"		232",천안,2021-11-11,5.4,10.1,13:39,0.8,7:04,9.3
"		232",천안,2021-11-12,4.4,8.5,13:35,0.7,7:05,7.8
"		232",천안,2021-11-13,5.3,13.4,14:54,-1.8,6:41,15.2
"		232",천안,2021-11-14,8.5,17.2,14:13,2.9,2:24,14.3
"		232",천안,2021-11-15,7.1,15.5,14:28,1.5,6:06,14
"		232",천안,2021-11-16,6.2,14.7,13:40,0.9,7:15,13.8
"		232",천안,2021-11-17,5.5,13.5,14:36,-1.1,7:12,14.6
"		232",천안,2021-11-18,8.5,17.4,14:23,1.4,4:48,16
"		232",천안,2021-11-19,10.2,17.5,14:43,3.3,6:15,14.2
"		232",천안,2021-11-20,9.1,16.1,15:38,4.4,23:32,11.7
"		232",천안,2021-11-21,8.9,15,15:18,4,4:09,11
"		232",천안,2021-11-22,3.8,10.6,0:03,0.2,23:24,10.4
"		232",천안,2021-11-23,0.2,1.8,13:02,-3.6,7:30,5.4
"		232",천안,2021-11-24,3.5,11.2,14:28,-0.6,6:52,11.8
"		232",천안,2021-11-25,5.1,12.7,13:54,-0.1,0:20,12.8
"		232",천안,2021-11-26,3,9.8,14:02,-3.2,6:47,13
"		232",천안,2021-11-27,1.7,9.8,15:06,-3.9,7:37,13.7
"		232",천안,2021-11-28,2.6,12.3,14:45,-5.1,7:28,17.4
"		232",천안,2021-11-29,4.1,12.3,15:41,-2.7,7:35,15
"		232",천안,2021-11-30,5.3,9.4,13:53,2,0:28,7.4
"		232",천안,2021-12-01,0.3,2.8,0:01,-2.9,23:50,5.7
"		232",천안,2021-12-02,0.7,6.6,15:26,-7.1,7:29,13.7
"		232",천안,2021-12-03,2.8,6.1,11:52,0.1,23:59,6
"		232",천안,2021-12-04,-0.5,5.4,16:06,-5.4,7:30,10.8
"		232",천안,2021-12-05,0.4,9.1,15:16,-5.6,7:38,14.7
"		232",천안,2021-12-06,2.6,12.5,15:15,-4.2,5:52,16.7
"		232",천안,2021-12-07,3.9,12.4,15:05,-2,6:40,14.4
"		232",천안,2021-12-08,3.8,12.9,15:26,-2.4,7:55,15.3
"		232",천안,2021-12-09,3.8,10.2,13:42,-2.1,7:26,12.3
"		232",천안,2021-12-10,5.8,8.8,15:21,1.3,1:10,7.5
"		232",천안,2021-12-11,6.1,10,14:56,2.2,4:29,7.8
"		232",천안,2021-12-12,2.7,7,12:00,-3.1,23:51,10.1
"		232",천안,2021-12-13,-2.4,2.1,14:55,-6.8,7:34,8.9
"		232",천안,2021-12-14,2.2,6.8,13:43,-5.4,0:16,12.2
"		232",천안,2021-12-15,5,9.8,15:21,1.7,23:59,8.1
"		232",천안,2021-12-16,4.8,10.7,14:08,1.4,2:13,9.3
"		232",천안,2021-12-17,-3.3,5.9,0:01,-8.7,23:36,14.6
"		232",천안,2021-12-18,-4.8,0.4,15:34,-12.1,7:38,12.5
"		232",천안,2021-12-19,-0.6,4.6,15:28,-5,7:56,9.6
"		232",천안,2021-12-20,3.6,11.2,13:30,-4.2,0:14,15.4
"		232",천안,2021-12-21,3.7,12,13:27,-1,5:59,13
"		232",천안,2021-12-22,0.4,9.1,15:03,-5.4,7:33,14.5
"		232",천안,2021-12-23,0.4,9.2,14:44,-6,6:01,15.2
"		232",천안,2021-12-24,0,6,12:22,-4.6,23:56,10.6
"		232",천안,2021-12-25,-8.8,-4.6,0:01,-12.3,23:45,7.7
"		232",천안,2021-12-26,-9.8,-5.2,15:04,-13.7,4:55,8.5
"		232",천안,2021-12-27,-7.2,-1.2,15:21,-14.9,7:50,13.7
"		232",천안,2021-12-28,-3,1.7,15:51,-8,2:53,9.7
"		232",천안,2021-12-29,1.1,7.3,14:36,-5.2,1:15,12.5
"		232",천안,2021-12-30,-2.1,1.2,13:53,-4,7:39,5.2
"		232",천안,2021-12-31,-5.1,-1.8,14:42,-9.2,23:50,7.4
"		232",천안,2022-01-01,-6.5,1,15:55,-13.2,6:11,14.2
"		232",천안,2022-01-02,-2.3,4.9,12:04,-8.6,3:31,13.5
"		232",천안,2022-01-03,-4.2,3,16:10,-11.9,7:25,14.9
"		232",천안,2022-01-04,-2.2,2.5,14:01,-8,23:57,10.5
"		232",천안,2022-01-05,-3.7,3.1,14:41,-10.7,5:33,13.8
"		232",천안,2022-01-06,-2.7,4.4,15:01,-9,7:13,13.4
"		232",천안,2022-01-07,-4.1,5,15:13,-11.1,7:48,16.1
"		232",천안,2022-01-08,-1.2,6.5,14:38,-10.4,6:44,16.9
"		232",천안,2022-01-09,0.7,5.5,13:28,-4.8,23:41,10.3
"		232",천안,2022-01-10,-1,5.1,14:54,-7.7,7:41,12.8
"		232",천안,2022-01-11,-5.1,0.3,1:36,-8.6,24:00:00,8.9
"		232",천안,2022-01-12,-7.3,-1.4,15:05,-13.8,7:31,12.4
"		232",천안,2022-01-13,-5.3,-1.5,13:11,-9.4,4:11,7.9
"		232",천안,2022-01-14,-5.2,1.4,15:34,-11.7,7:55,13.1
"		232",천안,2022-01-15,-2.3,4.2,16:08,-8.8,6:26,13
"		232",천안,2022-01-16,-0.6,3.2,5:56,-4.8,21:40,8
"		232",천안,2022-01-17,-4.7,1.7,14:33,-11.3,7:42,13
"		232",천안,2022-01-18,-7.2,0.1,16:02,-14.2,7:42,14.3
"		232",천안,2022-01-19,-5.8,0.4,17:09,-12.5,7:16,12.9
"		232",천안,2022-01-20,-5.5,2.5,15:37,-12.7,7:12,15.2
"		232",천안,2022-01-21,-4.7,5.3,16:07,-12.7,7:42,18
"		232",천안,2022-01-22,0.7,8.5,15:06,-7.4,1:51,15.9
"		232",천안,2022-01-23,2.3,9.3,14:07,-3.2,23:39,12.5
"		232",천안,2022-01-24,2.8,9.2,14:33,-5.5,5:59,14.7
"		232",천안,2022-01-25,2.3,4.4,0:04,0.5,22:40,3.9
"		232",천안,2022-01-26,1.3,6.1,15:15,-2.1,23:46,8.2
"		232",천안,2022-01-27,-1.2,4.5,13:39,-6.4,7:45,10.9
"		232",천안,2022-01-28,-1.6,2.9,14:52,-5.8,7:31,8.7
"		232",천안,2022-01-29,-3.5,1.6,14:11,-8.2,7:55,9.8
"		232",천안,2022-01-30,-4.1,2.5,14:39,-11.3,7:20,13.8
"		232",천안,2022-01-31,-2.3,5.5,15:44,-10.9,7:40,16.4
"		232",천안,2022-02-01,-0.5,1,12:27,-1.8,19:40,2.8
"		232",천안,2022-02-02,-2.4,0.7,14:19,-7,22:37,7.7
"		232",천안,2022-02-03,-3.6,1.8,14:29,-9.1,7:46,10.9
"		232",천안,2022-02-04,-4,0.9,14:23,-7.4,2:07,8.3
"		232",천안,2022-02-05,-5.1,-0.7,14:58,-8.5,4:49,7.8
"		232",천안,2022-02-06,-4,2.9,13:09,-11.8,6:46,14.7
"		232",천안,2022-02-07,-3,2.3,14:21,-10.7,7:46,13
"		232",천안,2022-02-08,-1.5,5.8,14:38,-8.3,6:05,14.1
"		232",천안,2022-02-09,-0.4,7.6,15:14,-9.4,7:42,17
"		232",천안,2022-02-10,1.1,7.3,13:56,-4,8:02,11.3
"		232",천안,2022-02-11,0.7,9.8,14:56,-7,7:26,16.8
"		232",천안,2022-02-12,2.3,11.3,15:19,-3.3,7:15,14.6
"		232",천안,2022-02-13,2.6,10.8,14:20,-3.3,5:35,14.1
"		232",천안,2022-02-14,1.9,10.7,13:45,-5,7:34,15.7
"		232",천안,2022-02-15,-3.1,0,0:01,-5.5,23:58,5.5
"		232",천안,2022-02-16,-5.9,-3.5,15:05,-7.9,23:50,4.4
"		232",천안,2022-02-17,-6.1,-1.2,15:52,-10.2,4:09,9
"		232",천안,2022-02-18,-2.9,5.9,16:45,-12.7,6:39,18.6
"		232",천안,2022-02-19,-0.6,3.4,14:49,-4.8,24:00:00,8.2
"		232",천안,2022-02-20,-3.7,-0.8,14:11,-6.6,7:03,5.8
"		232",천안,2022-02-21,-2.1,5.3,13:56,-10.2,7:11,15.5
"		232",천안,2022-02-22,-3,2.2,15:32,-6.7,7:30,8.9
"		232",천안,2022-02-23,-5.3,-0.2,13:24,-11.7,7:23,11.5
"		232",천안,2022-02-24,-3.6,3.6,14:20,-11.8,6:24,15.4
"		232",천안,2022-02-25,0.7,10.4,14:34,-9.1,6:56,19.5
"		232",천안,2022-02-26,5.1,12.3,14:28,-2.5,4:18,14.8
"		232",천안,2022-02-27,3,10.5,14:49,-3.8,7:09,14.3
"		232",천안,2022-02-28,3.9,12.5,16:59,-4.7,6:47,17.2
"		232",천안,2022-03-01,4.5,9.9,13:00,0.2,24:00:00,9.7
"		232",천안,2022-03-02,1.9,9.8,14:25,-6,7:07,15.8
"		232",천안,2022-03-03,3.6,13.3,15:41,-4.4,6:49,17.7
"		232",천안,2022-03-04,7.3,16.9,15:01,-3.2,6:20,20.1
"		232",천안,2022-03-05,3,8.3,0:01,-0.9,22:17,9.2
"		232",천안,2022-03-06,1.3,6.2,15:28,-3.3,3:22,9.5
"		232",천안,2022-03-07,1.7,9.5,15:11,-5.4,7:07,14.9
"		232",천안,2022-03-08,3.8,13.2,16:00,-5,6:58,18.2
"		232",천안,2022-03-09,5.8,15.2,15:21,-1.6,3:45,16.8
"		232",천안,2022-03-10,7.5,17.1,15:50,-1.5,4:06,18.6
"		232",천안,2022-03-11,9.4,18.2,15:43,0.2,4:17,18
"		232",천안,2022-03-12,13.7,20.3,14:36,5.2,4:28,15.1
"		232",천안,2022-03-13,13.2,16.7,2:55,11.3,23:36,5.4
"		232",천안,2022-03-14,9.6,13.5,13:00,5.3,23:24,8.2
"		232",천안,2022-03-15,8.2,15.1,15:16,3.6,7:11,11.5
"		232",천안,2022-03-16,9.1,17.9,15:21,0.2,6:37,17.7
"		232",천안,2022-03-17,8.5,10.7,12:41,6.8,23:52,3.9
"		232",천안,2022-03-18,6.9,8.9,14:59,5.3,6:27,3.6
"		232",천안,2022-03-19,3.7,6.7,13:32,1.2,4:57,5.5
"		232",천안,2022-03-20,4.3,9.9,14:54,0.5,23:56,9.4
"		232",천안,2022-03-21,4.2,10.9,15:02,-2.9,6:23,13.8
"		232",천안,2022-03-22,5.7,12.5,15:27,-1.9,6:51,14.4
"		232",천안,2022-03-23,4.4,9.3,16:24,0.7,4:16,8.6
"		232",천안,2022-03-24,6.7,15,16:33,-1.5,6:38,16.5
"		232",천안,2022-03-25,11.4,18,16:11,2.8,6:05,15.2
"		232",천안,2022-03-26,11.1,14.6,6:04,5.7,23:54,8.9
"		232",천안,2022-03-27,7.1,14.3,12:20,0.1,6:20,14.2
"		232",천안,2022-03-28,6.1,14.4,15:37,-2.5,6:21,16.9
"		232",천안,2022-03-29,8.4,17.9,15:05,-1.3,6:16,19.2
"		232",천안,2022-03-30,10.4,17.5,14:33,1.8,6:36,15.7
"		232",천안,2022-03-31,10.2,14.1,14:33,6.7,23:59,7.4
"		232",천안,2022-04-01,8,15,15:31,1.5,5:35,13.5
"		232",천안,2022-04-02,6.2,15.2,15:10,-2,6:16,17.2
"		232",천안,2022-04-03,7.9,16.2,16:03,-1.5,6:18,17.7
"		232",천안,2022-04-04,8.5,17.5,15:04,-0.2,6:16,17.7
"		232",천안,2022-04-05,8.6,17.9,14:39,-0.9,6:25,18.8
"		232",천안,2022-04-06,10.2,18.9,14:20,2,6:12,16.9
"		232",천안,2022-04-07,10.9,17.5,15:17,5.3,23:37,12.2
"		232",천안,2022-04-08,11.9,22.2,16:09,0.2,6:23,22
"		232",천안,2022-04-09,16.5,25.7,14:20,7.6,1:30,18.1
"		232",천안,2022-04-10,16.6,26.3,15:50,6.3,6:20,20
"		232",천안,2022-04-11,18.4,27,16:54,9,6:07,18
"		232",천안,2022-04-12,18.9,27.6,15:45,11.7,4:30,15.9
"		232",천안,2022-04-13,11.9,16.2,1:32,8.4,23:57,7.8
"		232",천안,2022-04-14,9.8,11.9,14:36,7.6,5:37,4.3
"		232",천안,2022-04-15,11.1,18.1,13:17,3.5,6:14,14.6
"		232",천안,2022-04-16,10.7,18.2,14:04,3,6:20,15.2
"		232",천안,2022-04-17,11.7,21.3,14:53,1.1,6:13,20.2
"		232",천안,2022-04-18,13.2,22,15:09,6.9,5:04,15.1
"		232",천안,2022-04-19,13.3,22.8,13:35,3.7,5:31,19.1
"		232",천안,2022-04-20,13,23.2,14:47,3,5:46,20.2
"		232",천안,2022-04-21,13.4,21.9,15:33,4.5,6:12,17.4
"		232",천안,2022-04-22,15.5,22.6,15:10,7.8,4:23,14.8
"		232",천안,2022-04-23,16.3,24.4,15:49,9.3,6:17,15.1
"		232",천안,2022-04-24,17.6,26.7,15:46,9.9,3:24,16.8
"		232",천안,2022-04-25,19,25.2,15:01,13.4,0:16,11.8
"		232",천안,2022-04-26,18.6,24.2,14:28,15.2,5:13,9
"		232",천안,2022-04-27,15.5,22.6,15:15,9.2,23:52,13.4
"		232",천안,2022-04-28,15.6,25,15:20,6.7,6:02,18.3
"		232",천안,2022-04-29,12.2,16.2,0:45,9.1,7:52,7.1
"		232",천안,2022-04-30,12.3,18.2,14:16,7.7,4:35,10.5
"		232",천안,2022-05-01,11.7,19.1,13:51,4.4,5:53,14.7
"		232",천안,2022-05-02,11.8,19.1,13:23,4.6,5:45,14.5
"		232",천안,2022-05-03,12.2,22,15:16,3.1,5:47,18.9
"		232",천안,2022-05-04,15.4,25.8,15:43,4.7,4:58,21.1
"		232",천안,2022-05-05,16.7,25.9,16:40,6.2,5:23,19.7
"		232",천안,2022-05-06,18.2,25.9,14:19,9.5,5:31,16.4
"		232",천안,2022-05-07,16.6,21.7,14:43,10.8,23:56,10.9
"		232",천안,2022-05-08,15.3,21.2,13:30,10.3,0:06,10.9
"		232",천안,2022-05-09,15.5,23,16:24,10.5,2:20,12.5
"		232",천안,2022-05-10,16.8,24.5,17:08,7.4,4:19,17.1
"		232",천안,2022-05-11,17.8,24.1,14:30,11.2,5:22,12.9
"		232",천안,2022-05-12,18.7,26.4,15:06,12.1,5:21,14.3
"		232",천안,2022-05-13,17.2,21.7,11:06,13.3,5:41,8.4
"		232",천안,2022-05-14,14.2,20.3,13:18,8,5:31,12.3
"		232",천안,2022-05-15,13.9,20.4,13:18,6.8,5:45,13.6
"		232",천안,2022-05-16,14.7,23.9,14:58,3.9,5:32,20
"		232",천안,2022-05-17,18.3,26.6,15:09,7.6,5:27,19
"		232",천안,2022-05-18,19.8,27.2,13:52,10.9,5:28,16.3
"		232",천안,2022-05-19,17.8,24.6,15:51,10.2,5:37,14.4
"		232",천안,2022-05-20,18.7,26.4,14:59,10.8,5:27,15.6
"		232",천안,2022-05-21,19.6,26.2,15:19,14.1,2:40,12.1
"		232",천안,2022-05-22,19.8,27.4,14:28,12.3,5:15,15.1
"		232",천안,2022-05-23,22,29.9,14:50,13.3,5:21,16.6
"		232",천안,2022-05-24,20.8,29.3,14:26,11.9,5:33,17.4
"		232",천안,2022-05-25,19.7,26.9,15:03,12.2,5:14,14.7
"		232",천안,2022-05-26,18,24.2,15:33,12.4,5:20,11.8
"		232",천안,2022-05-27,18.5,24.6,14:05,11.7,2:55,12.9
"		232",천안,2022-05-28,19.6,28.9,15:42,11.1,4:37,17.8
"		232",천안,2022-05-29,20.5,29,16:56,10.6,5:06,18.4
"		232",천안,2022-05-30,19.8,24.5,11:39,16.2,24:00:00,8.3
"		232",천안,2022-05-31,18.8,27.5,14:32,10.6,5:16,16.9
"		232",천안,2022-06-01,20,30.4,14:39,10.6,5:05,19.8
"		232",천안,2022-06-02,19.6,28.6,15:42,9.7,5:32,18.9
"		232",천안,2022-06-03,22.9,30.8,16:11,15.9,2:25,14.9
"		232",천안,2022-06-04,22.6,28.4,17:54,15.6,5:02,12.8
"		232",천안,2022-06-05,18.1,22.1,0:54,15.9,16:58,6.2
"		232",천안,2022-06-06,17.9,21.6,14:24,15.6,5:45,6
"		232",천안,2022-06-07,16.7,20.9,10:45,13,4:51,7.9
"		232",천안,2022-06-08,18.9,25.6,16:33,12.7,5:20,12.9
"		232",천안,2022-06-09,20.5,25.4,16:35,16.4,5:54,9
"		232",천안,2022-06-10,21.5,27.8,13:42,14.7,3:38,13.1
"		232",천안,2022-06-11,23.1,30.1,15:07,14.6,5:38,15.5
"		232",천안,2022-06-12,22.5,27.8,15:08,16.2,5:50,11.6
"		232",천안,2022-06-13,22.5,26.6,16:12,18.8,4:27,7.8
"		232",천안,2022-06-14,18,20.9,11:04,15.7,23:39,5.2
"		232",천안,2022-06-15,18.8,24.9,15:44,14.3,3:26,10.6
"		232",천안,2022-06-16,20.4,25.4,15:19,16.2,23:38,9.2
"		232",천안,2022-06-17,21.3,26,16:34,14.6,3:32,11.4
"		232",천안,2022-06-18,23.3,26.6,18:07,20.1,5:33,6.5
"		232",천안,2022-06-19,23.6,27.2,16:39,20,5:34,7.2
"		232",천안,2022-06-20,25.2,30.5,15:30,21.2,1:08,9.3
"		232",천안,2022-06-21,25.5,33.1,13:57,19.5,5:05,13.6
"		232",천안,2022-06-22,25,32.3,16:25,19.6,4:03,12.7
"		232",천안,2022-06-23,24.1,29.5,11:18,19.4,5:13,10.1
"		232",천안,2022-06-24,24.1,28.1,13:21,20.9,8:14,7.2
"		232",천안,2022-06-25,26.1,32.1,15:11,19.3,2:45,12.8
"		232",천안,2022-06-26,26.9,29.6,17:12,24.7,0:20,4.9
"		232",천안,2022-06-27,27.2,29.3,11:59,24,6:15,5.3
"		232",천안,2022-06-28,28.5,31.2,12:12,26.8,4:52,4.4
"		232",천안,2022-06-29,25.5,29,15:23,24,5:19,5
"		232",천안,2022-06-30,25.1,30.2,15:38,21,5:03,9.2
"		232",천안,2022-07-01,26.8,31.7,14:25,21.9,3:12,9.8
"		232",천안,2022-07-02,27.3,33.5,16:08,21.5,5:14,12
"		232",천안,2022-07-03,26.8,33.2,15:03,22.8,23:51,10.4
"		232",천안,2022-07-04,26.9,32.9,16:10,22.5,5:19,10.4
"		232",천안,2022-07-05,26.9,32.5,17:07,23.2,4:04,9.3
"		232",천안,2022-07-06,28.6,33.9,16:35,23.5,4:13,10.4
"		232",천안,2022-07-07,28.2,33.4,12:20,24.6,4:27,8.8
"		232",천안,2022-07-08,26.8,30.9,13:59,24.1,23:53,6.8
"		232",천안,2022-07-09,25.4,29.6,14:03,23.2,7:10,6.4
"		232",천안,2022-07-10,27.2,33.2,15:39,21.4,5:28,11.8
"		232",천안,2022-07-11,23.8,27.6,17:52,21.8,7:28,5.8
"		232",천안,2022-07-12,25.8,29,16:04,21.7,5:13,7.3
"		232",천안,2022-07-13,24.3,26,0:07,23.3,11:29,2.7
"		232",천안,2022-07-14,25.1,28.7,17:14,23,6:09,5.7
"		232",천안,2022-07-15,25,30,15:43,20.9,23:59,9.1
"		232",천안,2022-07-16,23.9,28.9,15:15,19.5,5:13,9.4
"		232",천안,2022-07-17,24.4,29.5,15:31,19.7,5:06,9.8
"		232",천안,2022-07-18,22.6,24.8,18:13,20.4,23:43,4.4
"		232",천안,2022-07-19,24.1,29.8,13:33,19.3,5:37,10.5
"		232",천안,2022-07-20,25.8,31.4,14:49,21.4,5:00,10
"		232",천안,2022-07-21,23,24.1,10:34,22,3:47,2.1
"		232",천안,2022-07-22,24.2,28.7,14:58,21.1,23:58,7.6
"		232",천안,2022-07-23,23.5,27.4,13:00,19.4,4:55,8
"		232",천안,2022-07-24,24.3,27,14:28,22.2,3:54,4.8
"		232",천안,2022-07-25,26,31,16:30,22.5,23:51,8.5
"		232",천안,2022-07-26,26.9,33.4,15:42,20.9,5:32,12.5
"		232",천안,2022-07-27,26,30.3,16:00,22.8,5:48,7.5
"		232",천안,2022-07-28,27.1,32,16:06,21,5:41,11
"		232",천안,2022-07-29,28.8,34.1,15:41,23.3,5:17,10.8
"		232",천안,2022-07-30,28.7,32.5,11:59,24,5:03,8.5
"		232",천안,2022-07-31,26.5,28.6,10:16,25,18:50,3.6
"		232",천안,2022-08-01,27.7,32,14:54,24.7,2:18,7.3
"		232",천안,2022-08-02,27.1,29.6,12:37,25.4,4:38,4.2
"		232",천안,2022-08-03,27.6,32,15:13,25,23:57,7
"		232",천안,2022-08-04,27.7,31.9,16:23,24.4,1:46,7.5
"		232",천안,2022-08-05,27.6,32.4,14:16,24.2,5:30,8.2
"		232",천안,2022-08-06,28.3,33.2,15:32,24.4,4:37,8.8
"		232",천안,2022-08-07,28.5,32.2,14:43,25.4,4:31,6.8
"		232",천안,2022-08-08,27.2,28.9,11:43,26,15:19,2.9
"		232",천안,2022-08-09,26.9,29.2,15:58,25.2,5:31,4
"		232",천안,2022-08-10,23.7,27.1,0:01,22.2,6:12,4.9
"		232",천안,2022-08-11,24.7,25.7,4:14,23.8,23:50,1.9
"		232",천안,2022-08-12,25.6,31.1,15:28,21.4,5:49,9.7
"		232",천안,2022-08-13,24.5,26.6,11:49,21.7,0:30,4.9
"		232",천안,2022-08-14,25.5,27.3,16:25,24.3,0:12,3
"		232",천안,2022-08-15,27.6,30.8,13:21,25.1,23:44,5.7
"		232",천안,2022-08-16,25.6,30.3,15:24,21.8,23:58,8.5
"		232",천안,2022-08-17,24,29.8,15:23,20.2,23:43,9.6
"		232",천안,2022-08-18,23.3,29.9,16:22,18.7,6:10,11.2
"		232",천안,2022-08-19,25.1,28.5,15:31,19.4,4:52,9.1
"		232",천안,2022-08-20,26.9,31.1,14:06,22.3,23:37,8.8
"		232",천안,2022-08-21,26,31.7,15:37,20.9,3:04,10.8
"		232",천안,2022-08-22,25.9,30.8,13:41,22,2:47,8.8
"		232",천안,2022-08-23,23.5,25.9,17:37,20.9,24:00:00,5
"		232",천안,2022-08-24,22.8,25.8,13:06,19.2,23:33,6.6
"		232",천안,2022-08-25,20.9,26.3,13:03,17.9,23:53,8.4
"		232",천안,2022-08-26,21.4,27.7,16:12,15.5,5:58,12.2
"		232",천안,2022-08-27,20.6,25.1,14:09,15.1,23:57,10
"		232",천안,2022-08-28,20.1,27.4,15:47,12.6,5:42,14.8
"		232",천안,2022-08-29,19.1,21.1,10:29,17.2,24:00:00,3.9
"		232",천안,2022-08-30,18.9,20,18:10,17.2,0:03,2.8
"		232",천안,2022-08-31,20.5,22.8,12:12,18.8,23:20,4
"		232",천안,2022-09-01,21.5,27.9,15:50,17.5,5:54,10.4
"		232",천안,2022-09-02,22.5,28.2,14:22,16,6:40,12.2
"		232",천안,2022-09-03,23,27.3,12:53,19.6,3:55,7.7
"		232",천안,2022-09-04,23.3,25.9,15:24,20.7,3:57,5.2
"		232",천안,2022-09-05,21.8,24.9,13:14,18.5,22:53,6.4
"		232",천안,2022-09-06,19.6,24.9,15:39,14.7,23:39,10.2
"		232",천안,2022-09-07,19.5,27.6,14:32,14,2:12,13.6
"		232",천안,2022-09-08,20.1,28.3,15:31,12.6,6:00,15.7
"		232",천안,2022-09-09,21.2,28.3,16:16,15.5,5:07,12.8
"		232",천안,2022-09-10,20.9,27,14:54,16.6,5:30,10.4
"		232",천안,2022-09-11,22.3,27.4,15:44,17.6,2:41,9.8
"		232",천안,2022-09-12,22.7,26.7,14:22,19.8,5:23,6.9
"		232",천안,2022-09-13,23.9,27.2,13:35,20.5,3:26,6.7
"		232",천안,2022-09-14,23.9,28.3,14:30,20.7,6:08,7.6
"		232",천안,2022-09-15,24.7,28.6,13:03,21.1,5:25,7.5
"		232",천안,2022-09-16,25.2,30.3,14:25,21.5,5:50,8.8
"		232",천안,2022-09-17,25.8,31.3,14:42,22.3,5:03,9
"		232",천안,2022-09-18,26.7,31.9,14:12,22.4,5:46,9.5
"		232",천안,2022-09-19,24.6,28.8,13:10,19,23:58,9.8
"		232",천안,2022-09-20,17.3,22.6,13:24,12.8,6:21,9.8
"		232",천안,2022-09-21,16.6,23.9,15:44,10.1,6:14,13.8
"		232",천안,2022-09-22,16.7,23.5,16:16,10.2,6:08,13.3
"		232",천안,2022-09-23,15.9,24,11:25,10.9,6:16,13.1
"		232",천안,2022-09-24,16.1,23.2,15:13,8.7,6:21,14.5
"		232",천안,2022-09-25,16.9,24.1,14:18,12.9,5:35,11.2
"		232",천안,2022-09-26,17.2,25.5,15:18,12.6,5:05,12.9
"		232",천안,2022-09-27,17.5,26.6,16:08,9.5,6:37,17.1
"		232",천안,2022-09-28,17.4,25.2,15:51,11.6,5:53,13.6
"		232",천안,2022-09-29,17.2,24.8,15:27,13,3:19,11.8
"		232",천안,2022-09-30,17.2,26.9,15:24,11.5,5:24,15.4
"		232",천안,2022-10-01,18.2,26.9,14:52,11.5,4:00,15.4
"		232",천안,2022-10-02,18.7,23.7,13:26,14,2:59,9.7
"		232",천안,2022-10-03,22,25.2,16:04,18,0:46,7.2
"		232",천안,2022-10-04,18.6,23.4,0:06,14.2,23:41,9.2
"		232",천안,2022-10-05,15.9,21.1,14:56,13.3,6:28,7.8
"		232",천안,2022-10-06,16.2,20.6,13:43,13.4,3:46,7.2
"		232",천안,2022-10-07,14.9,19.2,14:04,11.1,23:57,8.1
"		232",천안,2022-10-08,14.7,20.4,14:57,8.8,5:07,11.6
"		232",천안,2022-10-09,12.7,14.1,0:14,10.8,23:59,3.3
"		232",천안,2022-10-10,10.3,13,12:02,8.3,10:32,4.7
"		232",천안,2022-10-11,10.4,16.2,13:52,6.2,23:41,10
"		232",천안,2022-10-12,10.7,19.7,15:18,4.3,6:15,15.4
"		232",천안,2022-10-13,13.5,21.6,14:05,6.8,6:28,14.8
"		232",천안,2022-10-14,14.2,21.3,15:15,8.3,3:29,13
"		232",천안,2022-10-15,16.5,24.2,15:16,10.7,6:31,13.5
"		232",천안,2022-10-16,16.6,21.4,12:46,13.6,5:27,7.8
"		232",천안,2022-10-17,11.3,15.8,2:30,6,23:47,9.8
"		232",천안,2022-10-18,6.8,13.9,13:10,1,6:41,12.9
"		232",천안,2022-10-19,7.3,16.2,15:09,-0.4,6:26,16.6
"		232",천안,2022-10-20,9.6,19.4,15:27,1,6:43,18.4
"		232",천안,2022-10-21,11.2,19.3,15:20,4.8,7:10,14.5
"		232",천안,2022-10-22,13.1,20,13:27,6.6,4:44,13.4
"		232",천안,2022-10-23,13.6,18.1,14:43,9.6,23:46,8.5
"		232",천안,2022-10-24,8.6,15,12:55,3,6:55,12
"		232",천안,2022-10-25,8.1,16.3,16:08,0.7,6:22,15.6
"		232",천안,2022-10-26,9.6,17.5,16:06,2,6:59,15.5
"		232",천안,2022-10-27,11.5,19.6,12:58,3.8,7:02,15.8
"		232",천안,2022-10-28,11.1,19.1,15:38,6.8,2:53,12.3
"		232",천안,2022-10-29,11.4,20,14:33,4.7,6:59,15.3
"		232",천안,2022-10-30,11.5,20.1,15:38,5.5,6:52,14.6
"		232",천안,2022-10-31,12.2,19.8,14:24,6.6,5:46,13.2
"		232",천안,2022-11-01,11.4,18.5,13:41,6.4,24:00:00,12.1
"		232",천안,2022-11-02,8.6,18.1,14:48,3.1,23:54,15
"		232",천안,2022-11-03,8.3,15.7,13:26,1.4,4:49,14.3
"		232",천안,2022-11-04,4.4,9.3,14:30,-1.4,23:44,10.7
"		232",천안,2022-11-05,3.8,12.8,13:30,-4.1,6:21,16.9
"		232",천안,2022-11-06,6.1,15.5,15:39,-1.7,7:07,17.2
"		232",천안,2022-11-07,8.1,16,16:02,0,7:13,16
"		232",천안,2022-11-08,10.3,18.2,13:22,5.1,23:31,13.1
"		232",천안,2022-11-09,7.7,16.1,14:58,2.1,6:37,14
"		232",천안,2022-11-10,9.6,18.4,14:14,3.3,5:04,15.1
"		232",천안,2022-11-11,11.8,21.4,14:48,4.8,7:12,16.6
"		232",천안,2022-11-12,15.4,23,15:57,6.1,4:50,16.9
"		232",천안,2022-11-13,10.8,18.2,0:41,9.6,21:50,8.6
"		232",천안,2022-11-14,9.1,14.8,14:10,4.2,23:56,10.6
"		232",천안,2022-11-15,5.9,12.2,16:07,0,6:59,12.2
"		232",천안,2022-11-16,6.7,14,13:39,2.3,23:34,11.7
"		232",천안,2022-11-17,7.6,15.5,14:08,1.8,0:52,13.7
"		232",천안,2022-11-18,7.3,17.4,14:27,0,6:25,17.4
"		232",천안,2022-11-19,9.1,18.4,14:09,0.4,6:21,18
"		232",천안,2022-11-20,10.6,18.8,14:40,5.9,23:40,12.9
"		232",천안,2022-11-21,10,18.3,13:46,3.1,6:14,15.2
"		232",천안,2022-11-22,9.9,15.1,13:47,5.9,6:45,9.2
"		232",천안,2022-11-23,9.3,15.5,14:30,2.9,23:56,12.6
"		232",천안,2022-11-24,6.5,14.9,14:53,1.4,6:12,13.5
"		232",천안,2022-11-25,8.2,16.9,15:35,0.2,7:30,16.7
"		232",천안,2022-11-26,6.7,12.6,10:15,-1.1,23:59,13.7
"		232",천안,2022-11-27,3.7,13.9,15:07,-3.9,7:23,17.8
"		232",천안,2022-11-28,8.1,12.5,10:41,-0.4,3:25,12.9
"		232",천안,2022-11-29,8.4,14.5,4:39,1,23:57,13.5
"		232",천안,2022-11-30,-3.3,1,0:01,-5.3,23:53,6.3
"		232",천안,2022-12-01,-4.6,0.4,13:47,-8.9,7:34,9.3
"		232",천안,2022-12-02,-3.7,3.1,14:39,-8.4,3:22,11.5
"		232",천안,2022-12-03,1.5,5.2,15:38,-3.1,0:03,8.3
"		232",천안,2022-12-04,-1.8,2.2,0:01,-5.7,23:57,7.9
"		232",천안,2022-12-05,-2.8,1.9,14:21,-7.1,24:00:00,9
"		232",천안,2022-12-06,-1.6,2.6,14:42,-8,2:02,10.6
"		232",천안,2022-12-07,2.2,8.1,13:52,-1.5,5:10,9.6
"		232",천안,2022-12-08,1.4,9.7,15:17,-3.3,6:39,13
"		232",천안,2022-12-09,2.1,11,14:58,-4.1,3:38,15.1
"		232",천안,2022-12-10,0.8,6.4,14:16,-4.6,7:47,11
"		232",천안,2022-12-11,-0.1,7.6,14:20,-5.3,7:55,12.9
"		232",천안,2022-12-12,0.7,7,13:20,-6.3,4:12,13.3
"		232",천안,2022-12-13,0.9,4.1,10:53,-4.2,23:58,8.3
"		232",천안,2022-12-14,-8.2,-4.3,0:01,-12,23:55,7.7
"		232",천안,2022-12-15,-3.9,2.5,14:10,-12.3,0:29,14.8
"		232",천안,2022-12-16,-5.8,-2.5,14:52,-10.5,7:20,8
"		232",천안,2022-12-17,-7.6,-2.7,13:13,-12.7,23:53,10
"		232",천안,2022-12-18,-11.1,-5.7,14:50,-16.9,7:51,11.2
"		232",천안,2022-12-19,-8.4,-1.8,14:34,-15.5,7:16,13.7
"		232",천안,2022-12-20,-5.2,2,15:37,-13.1,7:23,15.1
"		232",천안,2022-12-21,-0.1,1.9,15:43,-4.1,0:36,6
"		232",천안,2022-12-22,-5.5,-0.4,0:01,-9,23:42,8.6
"		232",천안,2022-12-23,-9.5,-7,13:56,-10.9,6:14,3.9
"		232",천안,2022-12-24,-11.7,-4.6,15:01,-18.1,7:50,13.5
"		232",천안,2022-12-25,-8.5,0.4,14:17,-16.6,7:38,17
"		232",천안,2022-12-26,-7.3,0.7,15:25,-13.6,7:22,14.3
"		232",천안,2022-12-27,-5.6,3.4,14:44,-13.3,7:07,16.7
"		232",천안,2022-12-28,-4.2,1.1,13:22,-9.1,4:42,10.2
"		232",천안,2022-12-29,-5.5,1.7,14:38,-12.6,7:44,14.3
"		232",천안,2022-12-30,-2.9,2.6,13:58,-7.5,23:56,10.1
"		232",천안,2022-12-31,-3.9,4.3,16:05,-9.8,3:49,14.1
"		232",천안,2023-01-01,-2.3,4.5,14:01,-8.8,4:44,13.3
"		232",천안,2023-01-02,-4.8,0,13:27,-9.9,23:56,9.9
"		232",천안,2023-01-03,-6.3,1.5,14:52,-13.6,7:48,15.1
"		232",천안,2023-01-04,-3.9,4,14:42,-11.1,3:10,15.1
"		232",천안,2023-01-05,-3.7,3.4,15:38,-10,7:59,13.4
"		232",천안,2023-01-06,-1.2,5.5,15:06,-8.1,8:17,13.6
"		232",천안,2023-01-07,1.6,4.8,12:32,-3.3,23:49,8.1
"		232",천안,2023-01-08,-0.9,5.9,15:29,-6.7,7:26,12.6
"		232",천안,2023-01-09,1.7,7.9,13:53,-3.5,23:42,11.4
"		232",천안,2023-01-10,-0.7,8.3,15:59,-7.3,7:29,15.6
"		232",천안,2023-01-11,-0.2,8.9,15:25,-6.2,7:13,15.1
"		232",천안,2023-01-12,2.8,13.8,15:54,-5.3,6:38,19.1
"		232",천안,2023-01-13,8.6,11.2,15:13,4.2,2:05,7
"		232",천안,2023-01-14,6.6,9.2,0:32,4.5,23:44,4.7
"		232",천안,2023-01-15,0.2,4.6,0:59,-3.1,23:56,7.7
"		232",천안,2023-01-16,-3.7,-0.5,14:39,-7.8,23:37,7.3
"		232",천안,2023-01-17,-3.1,2.2,14:56,-8.5,0:31,10.7
"		232",천안,2023-01-18,-1.9,3.6,13:58,-6.2,23:58,9.8
"		232",천안,2023-01-19,-0.4,5.2,14:46,-7.6,8:02,12.8
"		232",천안,2023-01-20,-2.1,3.5,0:05,-8.2,23:49,11.7
"		232",천안,2023-01-21,-5,1.4,14:41,-11.1,7:23,12.5
"		232",천안,2023-01-22,-1,3,15:46,-4.7,0:11,7.7
"		232",천안,2023-01-23,-0.4,6.5,13:41,-4.6,5:53,11.1
"		232",천안,2023-01-24,-11.9,-4.2,0:01,-15.4,23:44,11.2
"		232",천안,2023-01-25,-12.1,-5.9,16:12,-18,7:36,12.1
"		232",천안,2023-01-26,-6.4,-3.9,14:23,-11.8,0:01,7.9
"		232",천안,2023-01-27,-8,-3.4,14:47,-14.1,7:16,10.7
"		232",천안,2023-01-28,-5.7,-0.1,15:20,-13.5,7:41,13.4
"		232",천안,2023-01-29,-1.9,4.7,15:33,-10.6,6:17,15.3
"		232",천안,2023-01-30,-1.6,3.9,13:48,-7.5,7:54,11.4
"		232",천안,2023-01-31,0.1,9.2,15:06,-8.8,7:03,18
"		232",천안,2023-02-01,1.3,5.9,11:00,-2.8,23:48,8.7
"		232",천안,2023-02-02,-2.6,2.7,15:12,-7,6:27,9.7
"		232",천안,2023-02-03,-1.9,2.9,14:37,-5.8,23:49,8.7
"		232",천안,2023-02-04,-2.4,5.7,13:50,-8.9,7:32,14.6
"		232",천안,2023-02-05,-1.2,7.6,15:56,-8.4,7:44,16
"		232",천안,2023-02-06,0.5,8.7,15:25,-6.8,7:17,15.5
"		232",천안,2023-02-07,1.5,9.6,13:07,-5.3,6:21,14.9
"		232",천안,2023-02-08,0.3,7.7,14:01,-5.5,7:24,13.2
"		232",천안,2023-02-09,2.4,10.3,13:43,-7,7:27,17.3
"		232",천안,2023-02-10,3.1,7.3,16:07,-0.8,23:51,8.1
"		232",천안,2023-02-11,0.2,5.9,16:40,-2.7,23:45,8.6
"		232",천안,2023-02-12,0.9,6.8,16:04,-4.5,3:29,11.3
"		232",천안,2023-02-13,5.7,9.6,14:04,2.8,0:11,6.8
"		232",천안,2023-02-14,1.1,5.9,14:00,-3.2,23:53,9.1
"		232",천안,2023-02-15,2.3,8.1,14:37,-3.9,4:17,12
"		232",천안,2023-02-16,2.2,6.9,14:40,-2.6,23:55,9.5
"		232",천안,2023-02-17,3.4,10.7,15:34,-3.3,0:46,14
"		232",천안,2023-02-18,5.5,9.3,15:44,2.8,4:01,6.5
"		232",천안,2023-02-19,3.1,6.4,13:21,-1.9,23:40,8.3
"		232",천안,2023-02-20,-1.3,4.6,11:24,-5.7,6:52,10.3
"		232",천안,2023-02-21,-2,4.2,15:28,-8.1,7:24,12.3
"		232",천안,2023-02-22,0.2,9.2,14:55,-8.5,6:38,17.7
"		232",천안,2023-02-23,2,8.9,13:33,-4.8,7:07,13.7
"		232",천안,2023-02-24,2.6,9.5,14:36,-2.2,2:50,11.7
"		232",천안,2023-02-25,-0.1,5.4,13:51,-5.3,6:34,10.7
"		232",천안,2023-02-26,0.2,8.8,14:57,-7.6,6:56,16.4
"		232",천안,2023-02-27,2.2,13.1,15:32,-6.8,6:49,19.9
"		232",천안,2023-02-28,4.2,13.3,14:30,-6.1,7:08,19.4
"		232",천안,2023-03-01,5.7,9.9,12:10,2.9,23:37,7
"		232",천안,2023-03-02,1.5,5.9,14:06,-3.4,23:58,9.3
"		232",천안,2023-03-03,2.6,12,14:52,-6.7,6:09,18.7
"		232",천안,2023-03-04,4.7,13.3,15:57,-2,4:38,15.3
"		232",천안,2023-03-05,5.8,16.2,14:51,-2.8,6:48,19
"		232",천안,2023-03-06,6.4,17.4,14:04,-3.4,7:03,20.8
"		232",천안,2023-03-07,10.1,20.5,15:28,0.6,6:35,19.9
"		232",천안,2023-03-08,12,21.1,14:52,3.3,5:49,17.8
"		232",천안,2023-03-09,12.6,20.4,13:44,4.8,23:48,15.6
"		232",천안,2023-03-10,12.3,23.3,15:59,1.2,7:00,22.1
"		232",천안,2023-03-11,14.9,24.7,14:48,5,7:19,19.7
"		232",천안,2023-03-12,6,11.8,0:03,1.4,22:36,10.4
"		232",천안,2023-03-13,3.2,9.1,16:44,-1.8,6:48,10.9
"		232",천안,2023-03-14,7.8,17.2,16:48,-1.5,6:40,18.7
"		232",천안,2023-03-15,9.4,18.5,13:58,0.9,6:17,17.6
"		232",천안,2023-03-16,5.1,10.7,13:18,-1.9,6:55,12.6
"		232",천안,2023-03-17,6.5,13,16:07,-1.1,6:22,14.1
"		232",천안,2023-03-18,7.8,13.7,14:09,3.2,3:51,10.5
"		232",천안,2023-03-19,6.3,15.9,14:16,-2.2,6:48,18.1
"		232",천안,2023-03-20,8.1,18.3,14:37,-1.2,6:31,19.5
"		232",천안,2023-03-21,11.3,22.2,15:37,-0.2,6:38,22.4
"		232",천안,2023-03-22,15.4,24.9,15:14,3.3,6:34,21.6
"		232",천안,2023-03-23,14.2,20.9,15:52,9.3,23:59,11.6
"		232",천안,2023-03-24,10.8,16.3,13:46,4.5,6:49,11.8
"		232",천안,2023-03-25,11.4,14.5,15:55,9.2,3:59,5.3
"		232",천안,2023-03-26,9.2,14.7,12:20,4.2,23:59,10.5
"		232",천안,2023-03-27,5.7,13.8,16:29,-2.3,6:24,16.1
"		232",천안,2023-03-28,7.1,16.1,14:43,-2.2,5:11,18.3
"		232",천안,2023-03-29,10,20.4,15:17,-0.4,6:25,20.8
"		232",천안,2023-03-30,11.6,21.9,13:11,0.8,6:41,21.1
"		232",천안,2023-03-31,12.5,23,15:50,1,6:28,22
"		232",천안,2023-04-01,14.6,25,14:49,3.3,6:47,21.7
"		232",천안,2023-04-02,15.1,22.7,15:46,5.4,6:32,17.3
"		232",천안,2023-04-03,15.6,23.1,16:39,4.1,6:25,19
"		232",천안,2023-04-04,15.6,22.1,15:21,10.6,6:20,11.5
"		232",천안,2023-04-05,13,16.4,12:29,8.8,23:48,7.6
"		232",천안,2023-04-06,9.3,11.4,13:00,7.4,23:17,4
"		232",천안,2023-04-07,7.9,16.4,14:31,2.8,7:11,13.6
"		232",천안,2023-04-08,7.2,15.2,15:03,-1.5,5:25,16.7
"		232",천안,2023-04-09,8.8,19.8,14:19,-1.2,5:43,21
"		232",천안,2023-04-10,11,21.4,15:56,0.2,4:59,21.2
"		232",천안,2023-04-11,14.7,20.4,11:11,7.4,2:13,13
"		232",천안,2023-04-12,9.3,17.2,14:12,1.6,6:24,15.6
"		232",천안,2023-04-13,11.7,22.5,15:10,0,5:14,22.5
"		232",천안,2023-04-14,15.1,23.3,15:50,6.3,4:10,17
"		232",천안,2023-04-15,12.5,17.1,10:38,8.2,23:59,8.9
"		232",천안,2023-04-16,10.9,17.6,14:35,6.7,6:20,10.9
"		232",천안,2023-04-17,12.4,19.8,16:41,2.1,5:45,17.7
"		232",천안,2023-04-18,13.7,15.8,6:13,11.3,10:25,4.5
"		232",천안,2023-04-19,19.5,27.2,16:21,13,2:22,14.2
"		232",천안,2023-04-20,18.1,25,15:19,14.3,22:41,10.7
"		232",천안,2023-04-21,16.9,23.2,14:55,12.6,22:49,10.6
"		232",천안,2023-04-22,15.5,21.3,14:01,9,5:32,12.3
"		232",천안,2023-04-23,14.9,20.7,15:26,6.9,5:42,13.8
"		232",천안,2023-04-24,13.7,19.2,15:28,7.9,23:47,11.3
"		232",천안,2023-04-25,8.8,11.5,9:09,6.2,2:24,5.3
"		232",천안,2023-04-26,7.4,13.3,13:14,2.8,23:46,10.5
"		232",천안,2023-04-27,11.1,21.7,15:46,0,5:43,21.7
"		232",천안,2023-04-28,15.3,23.2,14:14,4.4,5:45,18.8
"		232",천안,2023-04-29,13.4,18.2,10:12,9.4,22:05,8.8
"		232",천안,2023-04-30,13.7,20.8,14:37,5.8,6:07,15
"		232",천안,2023-05-01,13.3,20.6,16:16,6.7,23:53,13.9
"		232",천안,2023-05-02,15.4,25.9,15:44,3.7,5:22,22.2
"		232",천안,2023-05-03,18.5,25.9,13:18,9.8,5:52,16.1
"		232",천안,2023-05-04,19.8,26.2,14:31,12.9,5:01,13.3
"		232",천안,2023-05-05,19.3,21.1,16:24,16.8,3:46,4.3
"		232",천안,2023-05-06,14.2,20.2,0:01,12,22:14,8.2
"		232",천안,2023-05-07,11.8,15.5,14:41,6.6,23:56,8.9
"		232",천안,2023-05-08,12.4,21.9,13:59,3.6,5:13,18.3
"		232",천안,2023-05-09,14.7,24.3,13:36,4.6,5:20,19.7
"		232",천안,2023-05-10,16.4,25.3,16:40,7,5:31,18.3
"		232",천안,2023-05-11,17,26.6,15:31,7.6,5:17,19
"		232",천안,2023-05-12,17.3,23.6,13:53,9.1,5:35,14.5
"		232",천안,2023-05-13,16.7,23.9,14:47,9.3,5:33,14.6
"		232",천안,2023-05-14,16.4,24.9,15:34,7.8,5:07,17.1
"		232",천안,2023-05-15,19,27.3,14:54,8.5,5:10,18.8
"		232",천안,2023-05-16,21.4,31.2,14:56,12.6,5:26,18.6
"		232",천안,2023-05-17,21.8,30.2,14:49,12.2,5:16,18
"		232",천안,2023-05-18,19.7,23.8,12:22,16.6,3:40,7.2
"		232",천안,2023-05-19,19.6,25.8,16:43,13.5,5:25,12.3
"		232",천안,2023-05-20,20,27.5,15:01,12.8,5:29,14.7
"		232",천안,2023-05-21,18.3,23.3,14:11,14.9,1:43,8.4
"		232",천안,2023-05-22,17.7,23,16:36,12.9,23:55,10.1
"		232",천안,2023-05-23,17.6,25.1,15:29,9.3,5:15,15.8
"		232",천안,2023-05-24,18.6,25.8,15:08,9.6,4:36,16.2
"		232",천안,2023-05-25,19.6,26.9,15:45,12.2,5:34,14.7
"		232",천안,2023-05-26,20.2,25.9,15:52,13.3,5:53,12.6
"		232",천안,2023-05-27,18.9,20.6,17:44,17.2,3:04,3.4
"		232",천안,2023-05-28,19.7,21.2,13:32,17.9,4:20,3.3
"		232",천안,2023-05-29,20.6,22.5,16:52,19.4,0:01,3.1
"		232",천안,2023-05-30,21.6,25.8,11:58,16.8,4:07,9
"		232",천안,2023-05-31,20.9,27.5,17:04,13.6,5:39,13.9
"		232",천안,2023-06-01,21.5,26.4,14:52,16.2,5:05,10.2
"		232",천안,2023-06-02,20.2,23.9,15:06,16.6,23:47,7.3
"		232",천안,2023-06-03,20.8,27.2,14:58,14.3,5:03,12.9
"		232",천안,2023-06-04,20.7,27.5,16:41,12.3,5:15,15.2
"		232",천안,2023-06-05,20.2,26.5,14:45,13.1,5:20,13.4
"		232",천안,2023-06-06,19.8,27.1,15:27,13.9,5:17,13.2
"		232",천안,2023-06-07,21,25.6,16:50,16.3,1:43,9.3
"		232",천안,2023-06-08,21.4,25,12:00,17.6,4:19,7.4
"		232",천안,2023-06-09,22.4,28.6,15:44,17.6,22:55,11
"		232",천안,2023-06-10,22.7,29.6,14:50,16.6,0:24,13
"		232",천안,2023-06-11,22.2,27.7,12:48,17.2,3:59,10.5
"		232",천안,2023-06-12,21.9,29.2,14:17,16,5:15,13.2
"		232",천안,2023-06-13,21.6,28,13:45,17,23:52,11
"		232",천안,2023-06-14,20.8,27.2,15:07,14.8,5:04,12.4
"		232",천안,2023-06-15,21.3,26.9,16:28,14.7,5:08,12.2
"		232",천안,2023-06-16,22.4,29.8,15:31,14.6,5:12,15.2
"		232",천안,2023-06-17,23,30.9,13:52,14.5,5:34,16.4
"		232",천안,2023-06-18,24.2,32.2,14:30,16.9,5:37,15.3
"		232",천안,2023-06-19,26.1,33,14:56,17.9,5:17,15.1
"		232",천안,2023-06-20,23.1,26.5,13:53,19.3,22:08,7.2
"		232",천안,2023-06-21,20.5,22.8,16:00,19.1,3:30,3.7
"		232",천안,2023-06-22,22.4,26.9,14:45,19.4,6:36,7.5
"		232",천안,2023-06-23,23.8,29.6,16:01,18.9,5:27,10.7
"		232",천안,2023-06-24,25.3,31.5,17:03,19.1,5:02,12.4
"		232",천안,2023-06-25,26,31.5,13:58,19.3,5:13,12.2
"		232",천안,2023-06-26,23.8,26.3,14:08,21.1,4:45,5.2
"		232",천안,2023-06-27,25.5,29.6,15:14,21.6,5:56,8
"		232",천안,2023-06-28,24.3,27.9,14:17,20.4,5:33,7.5
"		232",천안,2023-06-29,24.2,25.5,9:21,23.2,16:25,2.3
"		232",천안,2023-06-30,24.9,28,17:37,23.3,5:44,4.7
"		232",천안,2023-07-01,26.4,32.2,16:41,22.5,4:31,9.7
"		232",천안,2023-07-02,25.9,30.4,16:49,22.1,6:02,8.3
"		232",천안,2023-07-03,27.4,33,15:21,22.2,6:16,10.8
"		232",천안,2023-07-04,24.1,27.7,10:51,22.7,4:54,5
"		232",천안,2023-07-05,23.8,27.7,15:11,20.9,22:56,6.8
"		232",천안,2023-07-06,25.2,31.6,14:08,20.1,4:26,11.5
"		232",천안,2023-07-07,21.5,26.5,10:31,19.3,20:45,7.2
"		232",천안,2023-07-08,24.1,29.5,16:03,19.9,0:01,9.6
"		232",천안,2023-07-09,25,28.8,13:41,22.3,4:45,6.5
"		232",천안,2023-07-10,25.8,30.7,15:42,21.2,5:31,9.5
"		232",천안,2023-07-11,23.7,26,16:54,22.1,3:56,3.9
"		232",천안,2023-07-12,26.2,29.9,16:29,22.7,3:39,7.2
"		232",천안,2023-07-13,25,26.1,15:46,24.3,21:46,1.8
"		232",천안,2023-07-14,24.7,25.7,16:10,23.9,22:18,1.8
"		232",천안,2023-07-15,23.1,24.2,0:42,22,23:38,2.2
"		232",천안,2023-07-16,24,27,16:57,22,0:30,5
"		232",천안,2023-07-17,25.3,29.4,15:05,23,0:01,6.4
"		232",천안,2023-07-18,23.7,25,10:45,22.7,23:24,2.3
"		232",천안,2023-07-19,25.1,32,15:26,20.9,4:20,11.1
"		232",천안,2023-07-20,25.4,31.3,14:02,20.2,5:36,11.1
"		232",천안,2023-07-21,27.2,33.6,16:53,21,5:43,12.6
"		232",천안,2023-07-22,25.5,29.6,10:27,22.7,5:07,6.9
"		232",천안,2023-07-23,24.9,25.6,7:05,24.1,9:28,1.5
"		232",천안,2023-07-24,25.8,29.8,15:49,23.9,4:34,5.9
"		232",천안,2023-07-25,25.7,28.7,16:18,23.5,5:45,5.2
"		232",천안,2023-07-26,25.9,31.4,12:56,22.7,5:27,8.7
"		232",천안,2023-07-27,26.9,32.2,14:35,22.2,4:55,10
"		232",천안,2023-07-28,27.8,33.4,16:28,23.3,5:46,10.1
"		232",천안,2023-07-29,28.1,33.4,14:23,23.6,5:40,9.8
"		232",천안,2023-07-30,27.4,33.7,15:25,23.3,4:48,10.4
"		232",천안,2023-07-31,27.5,31.7,16:28,24.2,5:49,7.5
"		232",천안,2023-08-01,28.3,33.8,16:08,23.2,5:34,10.6
"		232",천안,2023-08-02,27.8,33.5,15:14,23.6,6:09,9.9
"		232",천안,2023-08-03,27.9,33.6,13:55,21.7,5:44,11.9
"		232",천안,2023-08-04,28.8,34.2,14:57,23.9,5:29,10.3
"		232",천안,2023-08-05,28.8,34.1,14:45,24.2,3:39,9.9
"		232",천안,2023-08-06,29.1,35,15:11,23.3,5:40,11.7
"		232",천안,2023-08-07,28.2,34.9,15:02,25.5,5:45,9.4
"		232",천안,2023-08-08,29.4,34.2,15:40,24.4,5:58,9.8
"		232",천안,2023-08-09,26.8,30.9,12:07,23.4,23:11,7.5
"		232",천안,2023-08-10,22,23.6,0:55,21,18:47,2.6
"		232",천안,2023-08-11,24.8,29,14:01,21.4,0:01,7.6
"		232",천안,2023-08-12,24.1,28.1,17:25,21.6,6:55,6.5
"		232",천안,2023-08-13,26.1,30.8,16:07,22.8,4:04,8
"		232",천안,2023-08-14,27.3,33,16:11,22.5,6:01,10.5
"		232",천안,2023-08-15,27.5,32.7,15:54,22.8,5:29,9.9
"		232",천안,2023-08-16,25.9,31.4,14:33,23.1,23:36,8.3
"		232",천안,2023-08-17,26.1,31.4,14:13,21,5:44,10.4
"		232",천안,2023-08-18,27.1,33,13:53,23.2,6:17,9.8
"		232",천안,2023-08-19,27.2,32.8,15:43,22.9,5:51,9.9
"		232",천안,2023-08-20,27.3,32.6,14:25,23.5,2:26,9.1
"		232",천안,2023-08-21,27.5,33.1,15:28,23.4,5:05,9.7
"		232",천안,2023-08-22,26.4,31.1,12:35,23.2,5:49,7.9
"		232",천안,2023-08-23,25.9,30.8,14:25,23.9,15:53,6.9
"		232",천안,2023-08-24,25.4,30.2,14:15,23.5,5:06,6.7
"		232",천안,2023-08-25,25.4,30.3,14:32,21.6,23:59,8.7
"		232",천안,2023-08-26,24,29.8,15:49,20.7,3:12,9.1
"		232",천안,2023-08-27,25.1,29.8,14:05,19.6,5:44,10.2
"		232",천안,2023-08-28,25.5,27.8,15:16,23,5:35,4.8
"		232",천안,2023-08-29,24.4,27.1,13:06,20.9,20:29,6.2
"		232",천안,2023-08-30,21.4,23.2,11:11,20.7,22:03,2.5
"		232",천안,2023-08-31,22.1,27.2,15:43,18.7,23:57,8.5
"		232",천안,2023-09-01,22.1,29.4,14:53,17.3,6:25,12.1
"		232",천안,2023-09-02,23.8,30.4,15:48,16.9,5:29,13.5
"		232",천안,2023-09-03,26.1,31.2,15:29,22,6:36,9.2
"		232",천안,2023-09-04,26.7,30.8,16:13,23.3,6:13,7.5
"		232",천안,2023-09-05,25.6,30.6,15:31,21.7,23:48,8.9
"		232",천안,2023-09-06,25.2,30.8,15:04,20.3,5:42,10.5
"		232",천안,2023-09-07,23.2,29.8,15:18,16.6,6:13,13.2
"		232",천안,2023-09-08,21.8,28.9,15:48,15.4,6:10,13.5
"		232",천안,2023-09-09,23.2,30.2,14:25,16.3,6:10,13.9
"		232",천안,2023-09-10,23.6,30.4,15:00,17.6,5:41,12.8
"		232",천안,2023-09-11,24,29.9,15:04,19.2,5:16,10.7
"		232",천안,2023-09-12,23.7,29.4,16:03,19.2,5:40,10.2
"		232",천안,2023-09-13,20.6,21.9,0:23,19.4,19:53,2.5
"		232",천안,2023-09-14,22.2,24.7,14:12,19.4,2:35,5.3
"		232",천안,2023-09-15,22,24.4,15:40,20.4,5:54,4
"		232",천안,2023-09-16,23.1,26.4,12:50,21.8,0:23,4.6
"		232",천안,2023-09-17,24.1,28.3,13:19,21.6,6:10,6.7
"		232",천안,2023-09-18,23.8,27.9,12:02,20.1,23:53,7.8
"		232",천안,2023-09-19,22.2,27.1,12:44,18.9,3:00,8.2
"		232",천안,2023-09-20,20.8,22.2,9:54,19.6,19:12,2.6
"		232",천안,2023-09-21,18.9,22.5,12:01,14.6,23:55,7.9
"		232",천안,2023-09-22,17.6,24.6,14:24,12.9,6:33,11.7
"		232",천안,2023-09-23,19.4,25.4,13:43,13.3,3:48,12.1
"		232",천안,2023-09-24,20.2,25,13:25,15,3:18,10
"		232",천안,2023-09-25,21,25.9,13:10,17.5,6:29,8.4
"		232",천안,2023-09-26,20.5,21.7,15:53,19.1,5:37,2.6
"		232",천안,2023-09-27,21.2,23.9,14:17,20.1,23:12,3.8
"		232",천안,2023-09-28,21.4,26.5,14:03,17.8,23:42,8.7
"		232",천안,2023-09-29,19.2,24.3,14:13,16.2,23:56,8.1
"		232",천안,2023-09-30,18.5,23.1,12:37,15.6,6:34,7.5
"		232",천안,2023-10-01,16.6,23,14:45,11.5,23:54,11.5
"		232",천안,2023-10-02,15.4,23.6,14:11,9,6:31,14.6
"		232",천안,2023-10-03,14.6,20.9,15:42,9.4,3:59,11.5
"		232",천안,2023-10-04,16.8,23.6,14:28,9.8,4:51,13.8
"		232",천안,2023-10-05,14.1,18.5,14:25,9.6,23:56,8.9
"		232",천안,2023-10-06,12.9,20.4,13:52,6.3,6:03,14.1
"		232",천안,2023-10-07,14.9,20.5,15:18,8.5,4:46,12
"		232",천안,2023-10-08,16.7,20.1,15:56,14.2,3:24,5.9
"		232",천안,2023-10-09,16.6,22.1,14:24,11.9,6:36,10.2
"		232",천안,2023-10-10,15.5,22.5,14:28,10,6:44,12.5
"		232",천안,2023-10-11,14.7,22.7,15:43,9.4,5:26,13.3
"		232",천안,2023-10-12,14.5,22.8,14:44,7.7,6:56,15.1
"		232",천안,2023-10-13,14.8,21.4,13:40,10.6,5:11,10.8
"		232",천안,2023-10-14,13,21.1,14:16,9.4,3:42,11.7
"		232",천안,2023-10-15,14,20.7,15:28,10.2,3:54,10.5
"		232",천안,2023-10-16,12.6,19.4,14:31,6.2,23:40,13.2
"		232",천안,2023-10-17,11,20.3,14:50,3.1,6:39,17.2
"		232",천안,2023-10-18,13.1,22.6,14:58,5.2,6:32,17.4
"		232",천안,2023-10-19,14.1,17.3,11:40,9.3,4:29,8
"		232",천안,2023-10-20,12.3,15.3,10:24,9.6,23:53,5.7
"		232",천안,2023-10-21,8.7,17.2,14:58,1.7,6:38,15.5
"		232",천안,2023-10-22,10.2,18.8,14:29,1.6,6:42,17.2
"		232",천안,2023-10-23,12.8,20.3,14:51,6.6,6:36,13.7
"		232",천안,2023-10-24,12.3,18.5,15:50,7.3,3:13,11.2
"		232",천안,2023-10-25,13.7,21.4,15:27,8.8,6:34,12.6
"		232",천안,2023-10-26,16.1,22.4,14:13,9.6,1:24,12.8
"		232",천안,2023-10-27,13.8,18.6,14:34,9.2,24:00:00,9.4
"		232",천안,2023-10-28,11.5,19.7,14:46,6.8,23:48,12.9
"		232",천안,2023-10-29,11.3,20.5,15:38,3.9,7:07,16.6
"		232",천안,2023-10-30,12.2,21.3,15:12,5.8,6:51,15.5
"		232",천안,2023-10-31,13.5,20.8,15:49,8.1,1:33,12.7
"		232",천안,2023-11-01,17.1,23.4,14:33,10.1,1:09,13.3
"		232",천안,2023-11-02,18.4,25.8,15:05,12.2,23:33,13.6
"		232",천안,2023-11-03,18.2,24.1,14:04,11.6,2:21,12.5
"		232",천안,2023-11-04,17.8,21.3,13:54,15.5,22:40,5.8
"		232",천안,2023-11-05,19,23.7,14:48,15.6,0:01,8.1
"		232",천안,2023-11-06,14.9,20.5,4:16,7.7,22:15,12.8
"		232",천안,2023-11-07,6.9,10.7,14:06,1.3,23:44,9.4
"		232",천안,2023-11-08,6.6,16.6,15:42,-1.1,6:57,17.7
"		232",천안,2023-11-09,11.2,19.2,13:24,2.3,4:52,16.9
"		232",천안,2023-11-10,5.3,12.5,0:01,-0.1,23:53,12.6
"		232",천안,2023-11-11,1.3,6.4,16:05,-2.5,7:06,8.9
"		232",천안,2023-11-12,0.8,6,15:43,-3.4,6:41,9.4
"		232",천안,2023-11-13,1.6,8,13:58,-4.3,6:58,12.3
"		232",천안,2023-11-14,4.6,11.2,14:15,-1.7,0:05,12.9
"		232",천안,2023-11-15,5.2,13.1,13:20,0.1,2:37,13
"		232",천안,2023-11-16,5.1,7.5,11:14,1.3,0:56,6.2
"		232",천안,2023-11-17,2.4,6.7,11:02,-1,23:32,7.7
"		232",천안,2023-11-18,1.7,6.8,14:53,-2.7,4:20,9.5
"		232",천안,2023-11-19,7.2,13.6,16:17,-0.9,1:59,14.5
"		232",천안,2023-11-20,4.4,12.6,15:14,-1.2,7:32,13.8
"		232",천안,2023-11-21,4.3,14.9,15:15,-3.2,6:31,18.1
"		232",천안,2023-11-22,6.7,15.2,15:07,-2.1,7:25,17.3
"		232",천안,2023-11-23,10.3,16.3,13:59,4.3,23:54,12
"		232",천안,2023-11-24,0.6,4.3,0:01,-2.5,23:38,6.8
"		232",천안,2023-11-25,-1.9,4.3,14:13,-7.4,7:07,11.7
"		232",천안,2023-11-26,3.4,7.7,15:06,-4,0:11,11.7
"		232",천안,2023-11-27,6.7,10.4,14:58,4.1,2:09,6.3
"		232",천안,2023-11-28,2.6,7.1,0:01,-1.1,22:51,8.2
"		232",천안,2023-11-29,1.3,5.5,13:47,-2.3,7:31,7.8
"		232",천안,2023-11-30,-2.5,0.9,14:21,-6.1,7:12,7
"		232",천안,2023-12-01,-2.6,2.1,14:57,-7.4,7:25,9.5
"		232",천안,2023-12-02,1.3,9,14:39,-6.8,3:05,15.8
"		232",천안,2023-12-03,0.8,6.8,14:53,-4,7:21,10.8
"		232",천안,2023-12-04,0.2,9,14:36,-6.2,7:21,15.2
"		232",천안,2023-12-05,2.5,11.3,14:52,-3.4,7:42,14.7
"		232",천안,2023-12-06,5.2,10.9,14:24,-1.8,3:22,12.7
"		232",천안,2023-12-07,5.4,12.3,14:43,-0.8,8:06,13.1
"		232",천안,2023-12-08,10.4,18.5,14:44,-0.3,4:00,18.8
"		232",천안,2023-12-09,13.4,19.1,14:33,8.2,23:47,10.9
"		232",천안,2023-12-10,12.3,17.6,14:44,7.3,2:03,10.3
"		232",천안,2023-12-11,11.7,14,0:01,8.4,23:55,5.6
"		232",천안,2023-12-12,7,9.8,15:51,2.6,23:51,7.2
"		232",천안,2023-12-13,7.9,12.5,13:28,1,2:03,11.5
"		232",천안,2023-12-14,9.8,10.7,11:10,8.9,4:39,1.8
"		232",천안,2023-12-15,7.5,10.1,0:10,5.6,23:14,4.5
"		232",천안,2023-12-16,-2.2,5.7,0:01,-7.9,23:56,13.6
"		232",천안,2023-12-17,-9.4,-6,14:14,-12.6,7:13,6.6
"		232",천안,2023-12-18,-7.8,-3.5,15:30,-13.5,5:07,10
"		232",천안,2023-12-19,-3.4,0.6,16:08,-9,7:11,9.6
"		232",천안,2023-12-20,-5.6,-1.2,2:30,-9.6,23:49,8.4
"		232",천안,2023-12-21,-9.7,-6.6,14:45,-12.2,7:37,5.6
"		232",천안,2023-12-22,-10.2,-6.2,14:47,-14.3,7:16,8.1
"		232",천안,2023-12-23,-7.5,-2.2,15:36,-14.7,6:55,12.5
"		232",천안,2023-12-24,-1.9,2.6,15:00,-5,0:23,7.6
"		232",천안,2023-12-25,-1.9,1.9,12:24,-5.6,5:27,7.5
"		232",천안,2023-12-26,0.8,7.2,14:39,-2.6,0:01,9.8
"		232",천안,2023-12-27,0.6,7.7,15:25,-3.9,7:03,11.6
"		232",천안,2023-12-28,-0.4,5.8,13:33,-3.7,4:33,9.5
"		232",천안,2023-12-29,0.6,6.2,13:47,-3,8:02,9.2
"		232",천안,2023-12-30,0.1,2.7,21:55,-4.3,4:34,7
"		232",천안,2023-12-31,3.4,5.1,7:38,2.1,23:54,3
"		232",천안,2024-01-01,2.5,7.3,15:32,-1.3,6:43,8.6
"		232",천안,2024-01-02,2.9,5.6,12:14,-0.2,22:48,5.8
"		232",천안,2024-01-03,1.4,4.8,14:06,-1,23:59,5.8
"		232",천안,2024-01-04,0.1,5.2,16:10,-5.2,7:34,10.4
"		232",천안,2024-01-05,3.5,10.1,14:33,-1.9,3:07,12
"		232",천안,2024-01-06,1.3,5.4,14:14,-1.6,4:34,7
"		232",천안,2024-01-07,-2.6,0.7,14:16,-5.8,23:34,6.5
"		232",천안,2024-01-08,-5,0.8,14:54,-11,7:16,11.8
"		232",천안,2024-01-09,,1.5,12:29,-5.3,0:23,6.8
"		232",천안,2024-01-10,-0.7,0.8,2:10,-2.3,6:06,3.1
"		232",천안,2024-01-11,0.2,3.6,15:52,-2.8,5:11,6.4
"		232",천안,2024-01-12,1.4,6.7,13:42,-3.8,23:55,10.5
"		232",천안,2024-01-13,-1.2,5.8,14:08,-6.7,7:56,12.5
"		232",천안,2024-01-14,-0.1,6.2,13:03,-6.4,6:41,12.6
"		232",천안,2024-01-15,-2.6,1.4,14:58,-5.5,7:17,6.9
"		232",천안,2024-01-16,-3.2,3.6,15:38,-9,7:29,12.6
"		232",천안,2024-01-17,0.5,2.4,22:57,-4.9,0:25,7.3
"		232",천안,2024-01-18,4.6,7.1,19:53,2.4,0:01,4.7
"		232",천안,2024-01-19,6.1,8.7,13:54,4.6,23:55,4.1
"		232",천안,2024-01-20,4,5.7,9:24,2.5,21:13,3.2
"		232",천안,2024-01-21,2.8,6.5,13:03,-0.2,23:55,6.7
"		232",천안,2024-01-22,-6.6,-0.2,0:01,-10.7,23:54,10.5
"		232",천안,2024-01-23,-10.6,-8.2,12:09,-13.5,6:52,5.3
"		232",천안,2024-01-24,-7.6,-4.2,15:13,-12.7,2:18,8.5
"		232",천안,2024-01-25,-6.8,-0.5,15:49,-13.9,7:15,13.4
"		232",천안,2024-01-26,-4.1,2.4,14:46,-10.7,6:08,13.1
"		232",천안,2024-01-27,-2.1,4,14:59,-8.2,8:12,12.2
"		232",천안,2024-01-28,-1.4,3.1,13:37,-5.6,7:45,8.7
"		232",천안,2024-01-29,-2,4.3,14:02,-7.1,5:15,11.4
"		232",천안,2024-01-30,-0.6,8,16:07,-7.2,7:28,15.2
"		232",천안,2024-01-31,4.3,11.6,15:20,-2.3,0:01,13.9
"		232",천안,2024-02-01,2.6,5.9,15:36,-0.7,2:41,6.6
"		232",천안,2024-02-02,1.7,7.3,14:38,-2.1,23:58,9.4
"		232",천안,2024-02-03,3.3,9.3,14:13,-3,2:30,12.3
"		232",천안,2024-02-04,5.3,10.1,13:15,-0.8,8:34,10.9
"		232",천안,2024-02-05,3.5,5.7,0:01,0.9,23:04,4.8
"		232",천안,2024-02-06,2,4.3,16:16,0.6,7:35,3.7
"		232",천안,2024-02-07,0.5,2.8,14:01,-2.3,23:53,5.1
"		232",천안,2024-02-08,-0.4,5.5,13:45,-5.2,7:28,10.7
"		232",천안,2024-02-09,0.1,6.1,14:21,-5.8,7:00,11.9
"		232",천안,2024-02-10,-0.1,7.3,13:40,-5.1,7:25,12.4
"		232",천안,2024-02-11,-0.1,6.3,15:39,-6.2,7:18,12.5
"		232",천안,2024-02-12,2,10.6,16:18,-4.7,7:32,15.3
"		232",천안,2024-02-13,6.7,15.8,15:48,-3.1,6:59,18.9
"		232",천안,2024-02-14,11.9,18.7,14:36,6.7,5:01,12
"		232",천안,2024-02-15,4.4,11.4,0:36,-0.9,23:35,12.3
"		232",천안,2024-02-16,1.7,8.4,15:10,-3.8,7:33,12.2
"		232",천안,2024-02-17,3.7,13.1,16:01,-3.7,5:51,16.8
"		232",천안,2024-02-18,5.3,11.4,14:28,-2.7,7:17,14.1
"		232",천안,2024-02-19,10,13.6,13:04,4.8,23:52,8.8
"		232",천안,2024-02-20,5.2,8,13:18,3.5,5:02,4.5
"		232",천안,2024-02-21,4,5.5,1:05,1.6,22:30,3.9
"		232",천안,2024-02-22,1.1,2.1,15:53,0.4,7:43,1.7
"		232",천안,2024-02-23,2.6,5.6,15:09,0.3,3:04,5.3
"		232",천안,2024-02-24,2.5,6.2,13:38,0.1,5:11,6.1
"		232",천안,2024-02-25,2.5,5.4,15:42,0.7,6:52,4.7
"		232",천안,2024-02-26,2.6,8,15:40,-2.2,5:18,10.2
"		232",천안,2024-02-27,4.4,9.4,16:19,-0.5,0:48,9.9
"		232",천안,2024-02-28,4.9,10.8,14:46,-0.4,3:01,11.2
"		232",천안,2024-02-29,5,8.7,16:32,1.8,6:30,6.9
"		232",천안,2024-03-01,-2.6,2.1,0:01,-5.6,23:47,7.7
"		232",천안,2024-03-02,-0.8,5.4,14:55,-9.5,6:47,14.9
"		232",천안,2024-03-03,5.3,11.1,14:46,0.6,3:45,10.5
"		232",천안,2024-03-04,5.5,11.6,15:49,-0.8,5:54,12.4
"		232",천안,2024-03-05,7.3,8.5,16:53,5.6,6:51,2.9
"		232",천안,2024-03-06,6.1,11.3,14:54,0,7:24,11.3
"		232",천안,2024-03-07,4.5,9,14:09,1,23:24,8
"		232",천안,2024-03-08,2.9,7.2,14:14,0,23:39,7.2
"		232",천안,2024-03-09,1.1,7.2,14:33,-5.2,6:42,12.4
"		232",천안,2024-03-10,2.9,11.4,14:52,-5.6,6:42,17
"		232",천안,2024-03-11,5.1,12.4,16:48,-2.1,6:37,14.5
"		232",천안,2024-03-12,4.6,9.5,11:52,0.9,5:35,8.6
"		232",천안,2024-03-13,5.4,13.2,14:37,-1.8,6:54,15
"		232",천안,2024-03-14,6.5,16,16:02,-2.1,6:03,18.1
"		232",천안,2024-03-15,7.7,17.4,13:50,-1.6,6:16,19
"		232",천안,2024-03-16,10.2,19.2,14:59,-0.2,6:36,19.4
"		232",천안,2024-03-17,8.4,12.8,11:44,4.5,23:50,8.3
"		232",천안,2024-03-18,6.5,14.6,14:46,-2,7:01,16.6
"		232",천안,2024-03-19,6,12.3,14:26,2.2,3:20,10.1
"		232",천안,2024-03-20,4.4,8.4,12:30,0.8,23:55,7.6
"		232",천안,2024-03-21,4.1,11.7,15:17,-3.5,6:26,15.2
"		232",천안,2024-03-22,10,17,14:02,0.9,6:52,16.1
"		232",천안,2024-03-23,13.5,20,15:09,7.9,23:58,12.1
"		232",천안,2024-03-24,14.2,20.5,16:49,7.4,0:47,13.1
"		232",천안,2024-03-25,9.9,13.7,11:02,6.9,1:58,6.8
"		232",천안,2024-03-26,6.4,10.2,15:14,2.5,7:19,7.7
"		232",천안,2024-03-27,9.4,17.1,15:49,1.3,6:50,15.8
"		232",천안,2024-03-28,9.4,10.3,18:12,8.1,7:08,2.2
"		232",천안,2024-03-29,7.8,12.7,14:14,2.8,4:52,9.9
"		232",천안,2024-03-30,8.3,17.4,12:46,-0.1,4:40,17.5
"		232",천안,2024-03-31,9.7,18.5,16:19,-0.5,6:34,19
"		232",천안,2024-04-01,10.8,20.4,15:23,1.3,5:29,19.1
"		232",천안,2024-04-02,14.6,25.1,14:57,2.7,6:20,22.4
"		232",천안,2024-04-03,14.6,16.8,0:37,13.3,7:09,3.5
"		232",천안,2024-04-04,14.3,16.4,15:08,12.6,22:41,3.8
"		232",천안,2024-04-05,13.2,18.6,16:08,8.2,24:00:00,10.4
"		232",천안,2024-04-06,11.4,19.1,14:55,4.9,5:33,14.2
"		232",천안,2024-04-07,14.1,24.1,14:41,4,6:30,20.1
"		232",천안,2024-04-08,14.6,22.5,13:34,6.3,6:27,16.2
"		232",천안,2024-04-09,13.9,20.5,15:55,7,5:16,13.5
"		232",천안,2024-04-10,13.9,19.4,14:49,9.8,5:55,9.6
"		232",천안,2024-04-11,15.2,21.8,16:44,10,5:39,11.8
"		232",천안,2024-04-12,16.1,24.7,15:19,8.1,6:14,16.6
"		232",천안,2024-04-13,17.3,27.8,15:47,7.8,5:57,20
"		232",천안,2024-04-14,18.5,27.8,16:37,8.1,5:28,19.7
"		232",천안,2024-04-15,16.2,19.9,8:24,12.6,23:50,7.3
"		232",천안,2024-04-16,14.7,20.7,15:36,11,23:46,9.7
"		232",천안,2024-04-17,13.8,22,14:40,6.8,5:31,15.2
"		232",천안,2024-04-18,15.6,24.7,13:18,6.7,5:48,18
"		232",천안,2024-04-19,16.4,25.9,15:27,6.2,5:40,19.7
"		232",천안,2024-04-20,13.6,15,12:47,12.4,5:28,2.6
"		232",천안,2024-04-21,16.3,18.9,15:39,13.4,1:47,5.5
"		232",천안,2024-04-22,17.2,23.2,15:12,11.6,23:58,11.6
"		232",천안,2024-04-23,15.9,21.8,13:51,9.2,4:06,12.6
"		232",천안,2024-04-24,13.9,18.6,15:07,10.8,23:59,7.8
"		232",천안,2024-04-25,14.4,22.7,16:02,10.5,5:34,12.2
"		232",천안,2024-04-26,16.9,26.7,15:51,8.2,6:04,18.5
"		232",천안,2024-04-27,17,25.4,15:32,8.4,5:45,17
"		232",천안,2024-04-28,17.8,27.8,15:51,6.8,5:45,21
"		232",천안,2024-04-29,17.5,19.9,12:57,14.7,1:30,5.2
"		232",천안,2024-04-30,16.4,21.4,14:27,12.8,4:33,8.6
"		232",천안,2024-05-01,16.9,21.6,16:05,12.5,2:06,9.1
"		232",천안,2024-05-02,15.5,23.6,15:02,7.3,5:51,16.3
"		232",천안,2024-05-03,16.8,26.2,15:07,6.2,5:49,20
"		232",천안,2024-05-04,18.7,27.9,14:38,8,5:38,19.9
"		232",천안,2024-05-05,17.7,18.7,10:46,16.4,4:50,2.3
"		232",천안,2024-05-06,14.6,17.4,0:01,13.4,22:40,4
"		232",천안,2024-05-07,13.1,15.7,12:16,11,24:00:00,4.7
"		232",천안,2024-05-08,13.9,20.5,16:52,7.6,5:55,12.9
"		232",천안,2024-05-09,14.7,22.7,15:26,6.2,5:42,16.5
"		232",천안,2024-05-10,16.2,25.1,15:31,7.5,5:16,17.6
"		232",천안,2024-05-11,16.5,23,11:16,9,3:08,14
"		232",천안,2024-05-12,15,21.1,12:58,9.6,6:17,11.5
"		232",천안,2024-05-13,16.1,24.4,14:34,7.7,5:39,16.7
"		232",천안,2024-05-14,16.8,26,15:17,7.6,5:54,18.4
"		232",천안,2024-05-15,12.4,22.2,11:57,7.6,5:20,14.6
"		232",천안,2024-05-16,13.7,20,14:51,7.6,1:58,12.4
"		232",천안,2024-05-17,17,25.5,15:20,8.4,3:10,17.1
"		232",천안,2024-05-18,19.3,27,15:43,10.7,5:32,16.3
"		232",천안,2024-05-19,20.4,27.8,14:50,13,4:52,14.8
"		232",천안,2024-05-20,18.4,24.7,14:28,12.3,4:00,12.4
"		232",천안,2024-05-21,19.9,26.2,15:59,15.4,23:54,10.8
"		232",천안,2024-05-22,19.3,25.9,15:59,13.1,5:28,12.8
"		232",천안,2024-05-23,19.8,27.7,14:43,12.9,5:32,14.8
"		232",천안,2024-05-24,19.3,26,15:00,12.5,5:10,13.5
"		232",천안,2024-05-25,19.3,23.3,14:29,16.2,23:58,7.1
"		232",천안,2024-05-26,19,25.4,13:13,13.8,4:23,11.6
"		232",천안,2024-05-27,17.6,22.4,14:49,13.7,23:47,8.7
"		232",천안,2024-05-28,17.4,24.8,15:27,10.5,5:13,14.3
"		232",천안,2024-05-29,19.6,27.2,16:27,10.5,5:26,16.7
"		232",천안,2024-05-30,19.4,25.6,11:44,13.8,4:57,11.8
"		232",천안,2024-05-31,19.9,25.6,15:44,14,5:29,11.6
"		232",천안,2024-06-01,19.4,24,16:11,16.4,22:50,7.6
"		232",천안,2024-06-02,19.3,25.5,14:59,12.1,5:20,13.4
"		232",천안,2024-06-03,19.6,26.4,15:30,10.8,5:18,15.6
"		232",천안,2024-06-04,20.3,27.6,16:33,13,5:01,14.6
"		232",천안,2024-06-05,20.7,28.7,15:12,12.2,5:29,16.5
"		232",천안,2024-06-06,21.8,28.8,16:17,15.1,5:16,13.7
"		232",천안,2024-06-07,21.5,27.7,14:43,13.9,5:13,13.8
"		232",천안,2024-06-08,20.5,25.1,16:53,17.5,6:08,7.6
"		232",천안,2024-06-09,22.5,29.1,15:38,18,4:52,11.1
"		232",천안,2024-06-10,23.2,30,15:04,16,5:48,14
"		232",천안,2024-06-11,23.6,31.1,15:57,16.6,4:38,14.5
"		232",천안,2024-06-12,23.3,32.3,15:45,15.6,5:32,16.7
"		232",천안,2024-06-13,23.6,32.5,15:15,14.4,5:19,18.1
"		232",천안,2024-06-14,24.1,31.4,16:17,16.7,5:04,14.7
"		232",천안,2024-06-15,23.2,27.5,11:49,18.9,4:48,8.6
"		232",천안,2024-06-16,23.5,28.9,14:53,18.1,4:06,10.8
"		232",천안,2024-06-17,22.2,29.9,15:54,14.2,5:22,15.7
"		232",천안,2024-06-18,23.8,32.5,15:35,13.5,5:19,19
"		232",천안,2024-06-19,25.9,34.7,15:56,17,5:09,17.7
"		232",천안,2024-06-20,24.2,31.7,14:41,17.3,5:35,14.4
"		232",천안,2024-06-21,24.9,31.9,14:43,16,4:29,15.9
"		232",천안,2024-06-22,22.2,24.1,0:03,21.5,5:23,2.6
"		232",천안,2024-06-23,24.4,29.1,15:14,22.2,0:03,6.9
"		232",천안,2024-06-24,23.9,29,13:25,18.5,23:55,10.5
"		232",천안,2024-06-25,21.8,27.7,15:21,15.2,5:31,12.5
"		232",천안,2024-06-26,22.5,29.3,17:15,15.3,4:59,14
"		232",천안,2024-06-27,21.7,27.8,14:27,15.7,4:42,12.1
"		232",천안,2024-06-28,23.3,30.9,16:11,14.4,5:29,16.5
"		232",천안,2024-06-29,24.4,30,12:18,19.5,1:28,10.5
"		232",천안,2024-06-30,24.8,27.7,14:28,21.9,23:52,5.8
"		232",천안,2024-07-01,25.2,30.4,14:37,20.9,3:54,9.5
"		232",천안,2024-07-02,22.9,25,23:02,20.8,2:26,4.2
"		232",천안,2024-07-03,25.1,27.6,12:43,23.2,23:58,4.4
"		232",천안,2024-07-04,26.6,30.9,15:08,21.5,5:21,9.4
"		232",천안,2024-07-05,24.7,28.4,14:52,21.7,23:50,6.7
"		232",천안,2024-07-06,26.5,30.5,16:03,21.5,0:11,9
"		232",천안,2024-07-07,23.2,26.3,0:01,21.2,6:14,5.1
"		232",천안,2024-07-08,23.7,25.6,15:36,22.7,21:28,2.9
"		232",천안,2024-07-09,23.3,24.5,10:37,22.6,23:16,1.9
"		232",천안,2024-07-10,24.6,29.4,14:51,21.2,4:22,8.2
"		232",천안,2024-07-11,24.6,29.1,14:23,21.9,0:01,7.2
"		232",천안,2024-07-12,24.9,29.8,14:38,21.2,4:17,8.6
"		232",천안,2024-07-13,25.7,31.7,14:55,21.3,5:49,10.4
"		232",천안,2024-07-14,25.4,29.8,15:42,21.7,4:13,8.1
"		232",천안,2024-07-15,26.5,30.2,16:02,22.6,2:29,7.6
"		232",천안,2024-07-16,24.7,28.6,10:15,22.6,23:53,6
"		232",천안,2024-07-17,26.7,30.1,12:22,22.2,1:20,7.9
"		232",천안,2024-07-18,25.4,27.1,6:12,23.7,12:48,3.4
"		232",천안,2024-07-19,25.6,30.2,14:44,23.1,24:00:00,7.1
"		232",천안,2024-07-20,26.1,29.9,17:37,23,4:54,6.9
"		232",천안,2024-07-21,26.9,30.8,16:59,23.2,5:07,7.6
"		232",천안,2024-07-22,28.3,30.7,16:49,25.3,0:02,5.4
"		232",천안,2024-07-23,26.4,28.1,0:01,24.7,23:44,3.4
"		232",천안,2024-07-24,26.9,31.5,14:32,24.4,2:18,7.1
"		232",천안,2024-07-25,27.9,33.1,14:40,23.5,4:27,9.6
"		232",천안,2024-07-26,27.9,33,13:36,24.3,5:50,8.7
"		232",천안,2024-07-27,27.3,32,13:55,25.3,5:33,6.7
"		232",천안,2024-07-28,28.5,32.3,14:07,25.5,5:50,6.8
"		232",천안,2024-07-29,27.2,30.5,15:21,24.3,3:58,6.2
"		232",천안,2024-07-30,27.4,32.1,17:05,24.6,23:44,7.5
"		232",천안,2024-07-31,28.1,32.6,15:38,24.1,2:03,8.5
"		232",천안,2024-08-01,28.5,32.4,15:44,24.7,5:13,7.7
"		232",천안,2024-08-02,28.9,32.7,15:15,26.1,4:18,6.6
"		232",천안,2024-08-03,29.3,34.2,16:23,25.8,23:47,8.4
"		232",천안,2024-08-04,29.7,35.1,15:39,24,5:44,11.1
"		232",천안,2024-08-05,27.9,33.9,14:58,23.2,18:32,10.7
"		232",천안,2024-08-06,27.4,32.4,14:39,23.1,3:01,9.3
"		232",천안,2024-08-07,28.3,33.7,15:01,24,4:41,9.7
"		232",천안,2024-08-08,26.5,29.8,16:14,23.5,6:07,6.3
"		232",천안,2024-08-09,27.3,32.8,15:36,22.8,5:50,10
"		232",천안,2024-08-10,27.6,33.2,14:25,23,4:39,10.2
"		232",천안,2024-08-11,28.4,33.5,15:56,24.8,4:32,8.7
"		232",천안,2024-08-12,29.1,34.3,15:50,24,3:48,10.3
"		232",천안,2024-08-13,29,34.1,15:03,24.8,5:53,9.3
"		232",천안,2024-08-14,28.6,33.9,15:46,24.8,4:43,9.1
"		232",천안,2024-08-15,28.1,33.6,15:33,24.1,5:09,9.5
"		232",천안,2024-08-16,28.3,33.6,16:17,23.2,6:19,10.4
"		232",천안,2024-08-17,28.6,33.7,16:27,24.5,2:59,9.2
"		232",천안,2024-08-18,28,33.7,15:33,24.3,5:51,9.4
"		232",천안,2024-08-19,28.4,34.1,15:57,24.3,3:08,9.8
"		232",천안,2024-08-20,28.5,34,15:42,25.2,1:17,8.8
"		232",천안,2024-08-21,27.5,31.1,17:33,26.1,23:59,5
"		232",천안,2024-08-22,27.2,31.2,13:08,25.2,24:00:00,6
"		232",천안,2024-08-23,25.2,30.6,14:50,22.8,5:19,7.8
"		232",천안,2024-08-24,26.5,31,16:37,23.3,0:10,7.7
"		232",천안,2024-08-25,26.5,32.1,14:27,22.7,6:08,9.4
"		232",천안,2024-08-26,26.6,30.8,13:00,22.8,5:11,8
"		232",천안,2024-08-27,25.3,26.9,10:27,23.7,23:58,3.2
"		232",천안,2024-08-28,26.4,31.7,13:56,21,5:16,10.7
"		232",천안,2024-08-29,26.7,32.4,14:31,21.6,5:39,10.8
"		232",천안,2024-08-30,26.5,32.3,14:33,21.2,5:33,11.1
"		232",천안,2024-08-31,25.7,30.8,15:10,21.6,23:46,9.2
"		232",천안,2024-09-01,25.3,31.2,14:29,20.6,3:54,10.6
"		232",천안,2024-09-02,23.6,27.7,15:25,20.1,5:40,7.6
"		232",천안,2024-09-03,25.7,30.7,15:39,22.2,5:52,8.5
"		232",천안,2024-09-04,24.6,31.6,16:34,18.2,5:50,13.4
"		232",천안,2024-09-05,25.6,31.3,13:37,21.3,3:23,10
"		232",천안,2024-09-06,25,27.5,10:58,22.9,23:40,4.6
"		232",천안,2024-09-07,25.5,30.9,16:19,22,23:54,8.9
"		232",천안,2024-09-08,25.5,31.6,14:41,20.2,5:43,11.4
"		232",천안,2024-09-09,27.3,32.9,14:52,22.8,2:12,10.1
"		232",천안,2024-09-10,27.7,34.1,15:09,22.9,6:31,11.2
"		232",천안,2024-09-11,26.6,32.8,14:27,23.1,3:50,9.7
"		232",천안,2024-09-12,25.3,27.9,12:52,23.8,23:33,4.1
"		232",천안,2024-09-13,26.3,31.1,12:48,23.2,4:43,7.9
"		232",천안,2024-09-14,26.9,31.5,16:12,24.1,6:22,7.4
"		232",천안,2024-09-15,27.9,32.9,14:18,23.8,3:31,9.1
"		232",천안,2024-09-16,26.9,31,13:03,23.4,5:33,7.6
"		232",천안,2024-09-17,28.3,33.6,14:31,24.2,4:32,9.4
"		232",천안,2024-09-18,27.7,32.9,13:58,23.9,20:52,9
"		232",천안,2024-09-19,27.2,31.7,14:52,23.2,6:33,8.5
"		232",천안,2024-09-20,25.2,27.2,8:37,22.4,24:00:00,4.8
"		232",천안,2024-09-21,19.7,23.4,0:48,19.1,13:03,4.3
"		232",천안,2024-09-22,20.2,24.2,13:21,16.7,2:59,7.5
"		232",천안,2024-09-23,19.7,24.8,14:27,16.1,5:41,8.7
"		232",천안,2024-09-24,18.9,25.9,15:03,13.6,5:46,12.3
"		232",천안,2024-09-25,21.8,27.5,16:05,16.5,0:01,11
"		232",천안,2024-09-26,22.7,28.3,14:59,19,5:13,9.3
"		232",천안,2024-09-27,21.2,27.5,14:03,17.4,6:31,10.1
"		232",천안,2024-09-28,22.5,27.6,12:47,16.8,6:24,10.8
"		232",천안,2024-09-29,21.6,27.2,15:27,16.9,23:59,10.3
"		232",천안,2024-09-30,19.4,27,14:41,13.1,6:16,13.9
"		232",천안,2024-10-01,16.6,20.1,13:20,13.6,23:51,6.5
"		232",천안,2024-10-02,12.8,19.5,14:55,7.8,23:58,11.7
"		232",천안,2024-10-03,11.6,17.5,11:32,6.7,4:38,10.8
"		232",천안,2024-10-04,13.6,21.7,15:17,8.7,5:56,13
"		232",천안,2024-10-05,14.8,23,14:59,8.2,5:45,14.8
"		232",천안,2024-10-06,14.9,18.3,14:35,11,2:56,7.3
"		232",천안,2024-10-07,16.3,20.5,13:18,13.2,23:59,7.3
"		232",천안,2024-10-08,14.7,21.6,15:07,11.5,5:38,10.1
"		232",천안,2024-10-09,16.2,23.2,13:46,9.8,6:29,13.4
"		232",천안,2024-10-10,15.9,22.5,12:23,11.7,6:24,10.8
"		232",천안,2024-10-11,15.2,23.1,14:09,10.8,2:40,12.3
"		232",천안,2024-10-12,14.9,23.3,14:57,9,6:31,14.3
"		232",천안,2024-10-13,16,22.6,13:21,8.3,6:23,14.3
"		232",천안,2024-10-14,17,19.2,12:33,15,4:23,4.2
"		232",천안,2024-10-15,17.8,20.5,14:54,16,0:22,4.5
"		232",천안,2024-10-16,17.2,22.9,14:52,13.4,23:54,9.5
"		232",천안,2024-10-17,17,24,14:39,12.4,4:45,11.6
"		232",천안,2024-10-18,18.3,19.9,10:52,15.8,5:08,4.1
"		232",천안,2024-10-19,16.7,20.7,2:43,13.2,23:04,7.5
"		232",천안,2024-10-20,12.7,17.3,13:15,8.5,23:39,8.8
"		232",천안,2024-10-21,13.6,19.1,16:00,6.6,3:53,12.5
"		232",천안,2024-10-22,16.6,18.1,13:06,14.8,2:20,3.3
"		232",천안,2024-10-23,13.4,17.1,15:24,9.5,22:50,7.6
"		232",천안,2024-10-24,10.8,18.4,15:04,4.9,6:47,13.5
"		232",천안,2024-10-25,12.7,20.9,15:19,4.7,6:59,16.2
"		232",천안,2024-10-26,15.2,23.1,14:52,8.7,6:43,14.4
"		232",천안,2024-10-27,14.7,19.7,13:26,10.8,4:34,8.9
"		232",천안,2024-10-28,14.8,18.7,15:12,10.2,6:13,8.5
"		232",천안,2024-10-29,14.3,19.7,15:19,10.3,23:51,9.4
"		232",천안,2024-10-30,13.7,21.6,14:00,8.5,7:00,13.1
"		232",천안,2024-10-31,12.9,21.7,14:37,6.4,7:22,15.3
"		232",천안,2024-11-01,13,16.1,13:54,9.5,1:00,6.6
"		232",천안,2024-11-02,16.5,23.3,15:22,12.1,23:24,11.2
"		232",천안,2024-11-03,15,22.7,14:18,8.9,7:00,13.8
"		232",천안,2024-11-04,13.9,20.4,13:02,7.2,23:32,13.2
"		232",천안,2024-11-05,9.1,15.1,14:11,4.5,6:27,10.6
"		232",천안,2024-11-06,5.6,13.2,13:40,-0.1,7:13,13.3
"		232",천안,2024-11-07,5.8,15.4,15:34,-1.8,7:07,17.2
"		232",천안,2024-11-08,8.5,17.8,14:18,-0.1,7:20,17.9
"		232",천안,2024-11-09,11,19.3,13:28,4.6,7:07,14.7
"		232",천안,2024-11-10,12.1,20.3,14:35,7.4,4:29,12.9
"		232",천안,2024-11-11,11.8,20.8,15:12,5.4,6:44,15.4
"		232",천안,2024-11-12,12.3,18.6,13:18,7.3,23:41,11.3
"		232",천안,2024-11-13,11.2,20.4,14:41,4.5,5:07,15.9
"		232",천안,2024-11-14,13.4,19,12:28,9,7:13,10
"		232",천안,2024-11-15,13.9,20.1,15:37,10.4,24:00:00,9.7
"		232",천안,2024-11-16,15.6,23.4,14:38,9,7:02,14.4
"		232",천안,2024-11-17,8.3,15.5,0:22,3.1,23:53,12.4
"		232",천안,2024-11-18,2.3,7.5,14:27,-2.5,23:20,10
"		232",천안,2024-11-19,3.7,12.8,14:17,-4.6,6:32,17.4
"		232",천안,2024-11-20,4.8,9.6,15:00,-1.7,5:26,11.3
"		232",천안,2024-11-21,8.6,14.6,14:51,3.5,4:17,11.1
"		232",천안,2024-11-22,6.3,10.8,13:46,-0.6,23:59,11.4
"		232",천안,2024-11-23,3.4,12,14:16,-2.6,7:09,14.6
"		232",천안,2024-11-24,4.4,13.3,15:02,-2.2,7:04,15.5
"		232",천안,2024-11-25,8.8,16.2,15:14,-1.3,7:15,17.5
"		232",천안,2024-11-26,7.5,12.5,0:01,3.2,23:59,9.3
"		232",천안,2024-11-27,0.8,3.3,1:24,-0.8,21:04,4.1
"		232",천안,2024-11-28,1.5,3.6,11:26,-1.3,1:50,4.9
"		232",천안,2024-11-29,1.6,5.3,14:22,-3.3,7:37,8.6
"		232",천안,2024-11-30,3,6.3,13:53,-1.1,7:45,7.4
"		232",천안,2024-12-01,5.4,11.9,14:46,-0.7,6:49,12.6
"		232",천안,2024-12-02,6.9,15.7,14:34,0.4,7:13,15.3
"		232",천안,2024-12-03,0.9,5,13:53,-2.7,21:35,7.7
"		232",천안,2024-12-04,1.8,7,13:42,-2.1,7:42,9.1
"		232",천안,2024-12-05,2.7,8.1,15:06,-3,7:31,11.1
"		232",천안,2024-12-06,2.4,7.5,13:38,-1.2,7:08,8.7
"		232",천안,2024-12-07,0.2,5,13:04,-4.7,7:17,9.7
"		232",천안,2024-12-08,-1,4,15:03,-5.6,7:41,9.6
"		232",천안,2024-12-09,0.3,5.6,14:06,-6.4,5:56,12
"		232",천안,2024-12-10,1.6,7.7,13:12,-3.7,7:14,11.4
"		232",천안,2024-12-11,1,7.6,14:48,-2.7,7:50,10.3
"		232",천안,2024-12-12,-0.4,5.6,14:07,-6.2,7:47,11.8
"		232",천안,2024-12-13,0.6,4,11:38,-2.8,7:49,6.8
"		232",천안,2024-12-14,-1.2,3.9,12:33,-4.9,7:57,8.8
"		232",천안,2024-12-15,0.8,4.3,16:16,-2,0:01,6.3
"		232",천안,2024-12-16,0.6,5.1,15:52,-5.2,7:40,10.3
"		232",천안,2024-12-17,-0.3,5,13:31,-6,7:43,11
"		232",천안,2024-12-18,-3.1,1,14:08,-7.6,23:57,8.6
"		232",천안,2024-12-19,-3.5,3.8,14:57,-10.1,7:27,13.9
"		232",천안,2024-12-20,-0.9,3.4,15:34,-5.2,6:08,8.6
"		232",천안,2024-12-21,-0.9,1.8,10:39,-4.9,23:55,6.7
"		232",천안,2024-12-22,-4.2,0.9,15:05,-8.6,7:26,9.5
"		232",천안,2024-12-23,-2.3,4.6,16:38,-10.1,4:50,14.7
"		232",천안,2024-12-24,-1.3,4.4,15:21,-7.3,8:02,11.7
"		232",천안,2024-12-25,0.5,6.5,14:50,-5,4:23,11.5
"		232",천안,2024-12-26,0.8,3.9,13:24,-3.1,23:37,7
"		232",천안,2024-12-27,-2.2,1,15:34,-6.6,7:43,7.6
"		232",천안,2024-12-28,-3.2,0.2,15:46,-7.4,6:26,7.6
"		232",천안,2024-12-29,-0.1,5.4,14:22,-4.7,6:13,10.1
"		232",천안,2024-12-30,5.2,10,15:54,-0.9,0:43,10.9
"		232",천안,2024-12-31,0.8,5.9,0:17,-5,23:59,10.9
"		232",천안,2025-01-01,0.4,9.1,14:36,-6.1,1:42,15.2
"		232",천안,2025-01-02,-0.6,6.7,14:11,-5.6,7:37,12.3
"		232",천안,2025-01-03,-1.7,3.3,14:32,-7.1,7:43,10.4
"		232",천안,2025-01-04,-1.6,5.6,15:10,-7.4,7:47,13
"		232",천안,2025-01-05,0.6,3.5,17:02,-5.6,1:16,9.1
"		232",천안,2025-01-06,1,4,13:15,-2,23:53,6
"		232",천안,2025-01-07,-2.2,1.7,14:13,-6,7:52,7.7
"		232",천안,2025-01-08,-3.6,0.2,15:27,-8.7,7:37,8.9
"		232",천안,2025-01-09,-9.5,-5,0:35,-13,7:53,8
"		232",천안,2025-01-10,-9.5,-2.1,15:46,-17.2,7:41,15.1
"		232",천안,2025-01-11,-5.8,-0.3,13:06,-10.2,7:27,9.9
"		232",천안,2025-01-12,-4.5,2.6,13:25,-11.9,7:30,14.5
"		232",천안,2025-01-13,-1.1,5.1,15:04,-9.2,6:58,14.3
"		232",천안,2025-01-14,3.1,8.2,13:16,0.3,8:18,7.9
"		232",천안,2025-01-15,-2.8,0.7,0:01,-4.7,19:49,5.4
"		232",천안,2025-01-16,-0.5,5.3,13:43,-6.8,1:21,12.1
"		232",천안,2025-01-17,-0.8,6.4,14:47,-5.9,7:55,12.3
"		232",천안,2025-01-18,-1.7,7.1,14:57,-8.5,7:48,15.6
"		232",천안,2025-01-19,0,9,15:11,-7.4,5:20,16.4
"		232",천안,2025-01-20,1.2,6.9,14:59,-2.7,7:47,9.6
"		232",천안,2025-01-21,0.2,7.9,15:04,-3.6,5:29,11.5
"		232",천안,2025-01-22,1.2,8.1,13:37,-3.9,1:38,12
"		232",천안,2025-01-23,0.3,8.8,14:50,-5.2,7:31,14
"		232",천안,2025-01-24,0.2,9.5,15:30,-7.4,7:38,16.9
"		232",천안,2025-01-25,2.9,9.9,14:18,-5.7,7:34,15.6
"		232",천안,2025-01-26,4.5,7.5,13:58,0.6,7:56,6.9
"		232",천안,2025-01-27,0,3.6,0:01,-2,13:38,5.6
"		232",천안,2025-01-28,-2.2,0.3,14:08,-3.9,23:03,4.2
"		232",천안,2025-01-29,-4.6,-2,14:51,-8.8,22:27,6.8
"		232",천안,2025-01-30,-4.3,1.3,16:05,-10.1,3:28,11.4
"		232",천안,2025-01-31,0.3,4.7,14:23,-5.4,0:46,10.1
"		232",천안,2025-02-01,2.2,7.1,14:58,-1.8,23:40,8.9
"		232",천안,2025-02-02,1.3,7.8,14:49,-3.3,6:07,11.1
"		232",천안,2025-02-03,-2.5,1.8,0:01,-6.8,23:51,8.6
"		232",천안,2025-02-04,-7.4,-5.3,15:07,-9.2,7:37,3.9
"		232",천안,2025-02-05,-7.9,-3.4,15:04,-14.8,7:30,11.4
"		232",천안,2025-02-06,-6.5,0.8,15:09,-15.3,7:47,16.1
"		232",천안,2025-02-07,-7.1,-2.4,6:45,-10.1,23:10,7.7
"		232",천안,2025-02-08,-9.1,-3.6,13:43,-16.5,7:44,12.9
"		232",천안,2025-02-09,-6.1,0.1,14:04,-14.1,7:20,14.2
"		232",천안,2025-02-10,-5.1,1,15:25,-11.2,7:25,12.2
"		232",천안,2025-02-11,-2.7,6,15:27,-11.2,7:35,17.2
"		232",천안,2025-02-12,0.5,4.1,17:07,-2.8,0:01,6.9
"		232",천안,2025-02-13,0.3,5.9,16:05,-5.3,7:37,11.2
"		232",천안,2025-02-14,1,10.1,15:46,-6.3,7:23,16.4
"		232",천안,2025-02-15,0.9,7.9,16:13,-4.8,6:37,12.7
"		232",천안,2025-02-16,3.5,11.3,14:50,-3.4,7:21,14.7
"		232",천안,2025-02-17,0.3,4.2,12:19,-2.5,24:00:00,6.7
"		232",천안,2025-02-18,-1.5,2.5,15:07,-4.4,6:09,6.9
"		232",천안,2025-02-19,-3.1,1.1,12:23,-9.1,7:25,10.2
"		232",천안,2025-02-20,-3.4,1.9,12:26,-10,7:26,11.9
"		232",천안,2025-02-21,-2.8,2.4,15:29,-9.7,7:12,12.1
"		232",천안,2025-02-22,-2.5,2.7,13:51,-9.2,7:39,11.9
"		232",천안,2025-02-23,-3.5,0.6,13:00,-8.9,7:07,9.5
"		232",천안,2025-02-24,-3,4.1,14:13,-10.4,7:19,14.5
"		232",천안,2025-02-25,0.3,7.5,14:44,-8.5,6:48,16
"		232",천안,2025-02-26,2.5,9.1,13:45,-3.5,23:49,12.6
"		232",천안,2025-02-27,3.3,14.7,15:30,-6.9,6:51,21.6
"		232",천안,2025-02-28,6.7,14,15:01,1.5,0:12,12.5
"		232",천안,2025-03-01,5.4,10.6,12:00,-1.5,6:36,12.1
"		232",천안,2025-03-02,8.7,13.5,13:31,3.5,23:16,10
"		232",천안,2025-03-03,2.9,5.3,13:01,1,8:41,4.3
"		232",천안,2025-03-04,2.4,3.5,21:15,0.7,9:47,2.8
"		232",천안,2025-03-05,4.5,6.9,14:45,2,6:51,4.9
"		232",천안,2025-03-06,3.8,10.3,14:44,-1.4,7:11,11.7
"		232",천안,2025-03-07,3.9,10.9,14:13,-3.6,7:00,14.5
"		232",천안,2025-03-08,4.7,11.1,14:17,0,23:53,11.1
"		232",천안,2025-03-09,4.6,13.1,15:32,-2.8,6:43,15.9
"		232",천안,2025-03-10,6.2,15.2,14:55,-1.7,6:54,16.9
"		232",천안,2025-03-11,7.7,16.9,16:36,-1.6,6:54,18.5
"		232",천안,2025-03-12,8.1,14.9,15:06,1.7,7:11,13.2
"		232",천안,2025-03-13,8.3,15.8,15:52,1.4,7:18,14.4
"		232",천안,2025-03-14,10.5,19.5,16:09,0.4,6:36,19.1
"		232",천안,2025-03-15,9.8,13.9,15:59,5.4,23:32,8.5
"		232",천안,2025-03-16,3.7,5.9,15:47,1.5,20:30,4.4
"		232",천안,2025-03-17,3.5,7.8,14:29,-0.4,6:46,8.2
"		232",천안,2025-03-18,1.7,3.6,11:59,-0.4,7:51,4
"		232",천안,2025-03-19,1.6,7.6,15:26,-4.5,6:48,12.1
"		232",천안,2025-03-20,6.5,16.3,14:42,-3.1,6:06,19.4
"		232",천안,2025-03-21,10.5,21.8,14:46,0.1,6:18,21.7
"		232",천안,2025-03-22,12.7,23.5,15:06,1.7,6:51,21.8
"		232",천안,2025-03-23,14.1,25.1,15:08,2.5,6:38,22.6
"		232",천안,2025-03-24,15.8,22.6,14:46,9.7,3:42,12.9
"		232",천안,2025-03-25,14,25.4,14:26,7.5,23:48,17.9
"		232",천안,2025-03-26,15.3,26.9,16:23,1.6,6:19,25.3
"		232",천안,2025-03-27,13.8,20.4,0:01,6.3,23:27,14.1
"		232",천안,2025-03-28,6.6,11,14:48,3.9,22:38,7.1
"		232",천안,2025-03-29,2.3,7.3,10:15,-2.8,6:48,10.1
"		232",천안,2025-03-30,2.6,8.3,15:01,-4.5,6:21,12.8
"		232",천안,2025-03-31,6.4,14.1,14:55,-1.5,4:24,15.6
"		232",천안,2025-04-01,7.7,17.2,15:23,-1.4,6:00,18.6
"		232",천안,2025-04-02,7.5,16.7,12:17,-0.6,6:06,17.3
"		232",천안,2025-04-03,7.5,16.1,16:11,0.1,6:03,16
"		232",천안,2025-04-04,9.3,17.4,15:14,2.9,4:32,14.5
"		232",천안,2025-04-05,8.7,11.6,9:13,5.2,0:34,6.4
"		232",천안,2025-04-06,10,17.1,15:04,4.5,23:43,12.6
"		232",천안,2025-04-07,12.2,21.3,14:51,0,5:58,21.3
"		232",천안,2025-04-08,13.4,18.2,14:20,6.4,23:59,11.8
"		232",천안,2025-04-09,11.9,19.9,14:08,2.5,6:10,17.4
"		232",천안,2025-04-10,12.9,18.7,15:21,7.9,23:48,10.8
"		232",천안,2025-04-11,14.4,24.6,16:49,3.3,6:06,21.3
"		232",천안,2025-04-12,12.4,22.9,12:16,1.3,23:59,21.6
"		232",천안,2025-04-13,4.4,9.3,13:44,0.6,1:35,8.7
"		232",천안,2025-04-14,4.9,8.1,11:02,2.1,3:40,6
"		232",천안,2025-04-15,7.9,14.8,14:09,1,5:59,13.8
"		232",천안,2025-04-16,14.7,24.7,15:16,2,3:40,22.7
"		232",천안,2025-04-17,21.2,27.2,14:41,14.5,6:06,12.7
"		232",천안,2025-04-18,20.7,27,13:59,15.7,22:36,11.3
"		232",천안,2025-04-19,18.9,25.1,13:32,12.9,22:27,12.2
"		232",천안,2025-04-20,16.9,23.7,16:16,12.3,5:17,11.4
"		232",천안,2025-04-21,19,26.4,15:57,11.4,4:46,15
"		232",천안,2025-04-22,17.4,18.6,16:51,16.4,23:46,2.2
"		232",천안,2025-04-23,16.4,24.2,15:55,11.5,5:50,12.7
"		232",천안,2025-04-24,13.6,21.9,13:32,8,23:57,13.9
"		232",천안,2025-04-25,10.7,17.4,13:37,3.2,5:58,14.2
"		232",천안,2025-04-26,12.1,22.4,14:08,1,5:29,21.4
"		232",천안,2025-04-27,14.3,23.7,13:14,5.3,5:56,18.4
"		232",천안,2025-04-28,13.3,21,14:26,5.7,5:07,15.3
"		232",천안,2025-04-29,12.7,22.1,15:49,2.8,5:52,19.3
"		232",천안,2025-04-30,16.2,26.9,16:11,4.7,5:34,22.2
"		232",천안,2025-05-01,12.9,20.2,10:19,8.1,5:01,12.1
"		232",천안,2025-05-02,12.4,18.2,14:26,6.4,3:52,11.8
"		232",천안,2025-05-03,9.4,14.1,14:14,6.6,24:00:00,7.5
"		232",천안,2025-05-04,11.5,20.8,13:34,3.4,6:11,17.4
"		232",천안,2025-05-05,10.4,16.2,12:50,3.7,5:09,12.5
"		232",천안,2025-05-06,12.3,18.1,11:53,5.2,5:50,12.9
"		232",천안,2025-05-07,13,21.3,14:52,4.9,5:43,16.4
"		232",천안,2025-05-08,16.3,24.7,15:54,6.3,5:36,18.4
"		232",천안,2025-05-09,14.9,16.8,18:27,12.7,7:01,4.1
"		232",천안,2025-05-10,12.5,16.4,0:02,11.1,23:12,5.3
"		232",천안,2025-05-11,14.5,21,15:59,9.4,23:54,11.6
"		232",천안,2025-05-12,15.2,24.1,14:57,6.3,5:22,17.8
"		232",천안,2025-05-13,17.7,27.5,13:26,8.8,5:25,18.7
"		232",천안,2025-05-14,18.7,26.9,16:20,8.7,5:16,18.2
"		232",천안,2025-05-15,20.5,23.5,15:24,16.4,0:12,7.1
"		232",천안,2025-05-16,20.3,23.7,13:07,17.1,23:47,6.6
"		232",천안,2025-05-17,18.9,25.5,14:26,14.7,4:43,10.8
"		232",천안,2025-05-18,15.1,21.7,13:58,9.1,23:52,12.6
"		232",천안,2025-05-19,17.2,22.5,11:54,6.8,4:11,15.7
"		232",천안,2025-05-20,23.9,29.7,16:15,20.4,3:02,9.3
"		232",천안,2025-05-21,24.6,30,15:54,20.2,3:32,9.8
"		232",천안,2025-05-22,20.1,22.9,17:02,16.4,23:48,6.5
"		232",천안,2025-05-23,18.2,23.3,14:18,13.6,23:56,9.7
"		232",천안,2025-05-24,14.3,16.2,11:35,12.4,4:29,3.8
"		232",천안,2025-05-25,15.8,22.8,14:05,9,5:12,13.8
"		232",천안,2025-05-26,17.6,26.1,16:11,9.6,4:47,16.5
"		232",천안,2025-05-27,19,26.5,16:01,10.6,4:57,15.9
"		232",천안,2025-05-28,19,26.6,13:37,12.3,5:27,14.3
"		232",천안,2025-05-29,19.2,26.9,15:09,11.3,5:54,15.6
"		232",천안,2025-05-30,18.4,26.5,15:45,11.7,5:15,14.8
"		232",천안,2025-05-31,18.8,25.7,13:48,10.7,4:19,15
"		232",천안,2025-06-01,20.5,28.7,16:10,11.7,5:22,17
"		232",천안,2025-06-02,19,23.3,14:56,15.3,4:17,8
"		232",천안,2025-06-03,20,25.6,13:29,14.3,24:00:00,11.3
"		232",천안,2025-06-04,18.6,26.6,12:54,9.5,5:05,17.1
"		232",천안,2025-06-05,19.3,27.2,15:13,10.5,5:11,16.7
"		232",천안,2025-06-06,20.8,30.2,14:17,14.1,5:20,16.1
"		232",천안,2025-06-07,22,29.7,15:08,13.7,4:00,16
"		232",천안,2025-06-08,24,30.1,15:12,19.2,4:51,10.9
"		232",천안,2025-06-09,24.1,30,15:15,20,23:54,10
"		232",천안,2025-06-10,21.9,26.9,15:27,16.9,24:00:00,10
"		232",천안,2025-06-11,21.1,28.2,13:43,12.9,5:25,15.3
"		232",천안,2025-06-12,22.2,29.6,15:19,13.8,5:31,15.8
"		232",천안,2025-06-13,20.6,26.4,14:07,16.2,5:18,10.2
"		232",천안,2025-06-14,23.1,29.4,16:09,18.9,2:40,10.5
"		232",천안,2025-06-15,25.7,31,14:16,19.5,5:06,11.5
"		232",천안,2025-06-16,23.4,27,14:06,21.7,23:52,5.3
"		232",천안,2025-06-17,23.4,28.8,15:19,20.4,5:30,8.4
"		232",천안,2025-06-18,24.1,30.5,15:39,19.4,3:22,11.1
"		232",천안,2025-06-19,25.3,31.3,15:58,18.2,5:20,13.1
"		232",천안,2025-06-20,24.2,26.6,0:01,22.6,20:19,4
"		232",천안,2025-06-21,21,23.2,0:01,18,23:30,5.2
"		232",천안,2025-06-22,21.9,28.9,16:03,17.4,2:00,11.5
"		232",천안,2025-06-23,23.6,31,15:19,16,5:19,15
"		232",천안,2025-06-24,21.7,26.1,13:03,18.7,18:38,7.4
"		232",천안,2025-06-25,20.5,22.6,12:20,19.5,0:14,3.1
"		",,,,,,,,
"	",,,,,,,,
"	",,,,,,,,
"	",,,,,,,,
"	",,,,,,,,
"		",,,,,,,,
"	",,,,,,,,
"	",,,,,,,,
